[2026-09-29 22:35:59] [WARNING] DROWSINESS DETECTED (1.2s)
[2026-09-29 22:35:59] [WARNING] DROWSINESS DETECTED (5.5s)
[2026-09-29 22:35:59] [CRITICAL] CRITICAL DROWSINESS (5.5s)
[2026-09-29 22:35:59] [CRITICAL] Dispatching emergency SMS to 1 contact(s)...
[2026-09-29 22:35:59] [INFO] [SIMULATED SMS] To: Emergency Helpline (+18005550199) | Body:
[DMS CRITICAL ALERT] Driver requires immediate attention!
Event: CRITICAL DROWSINESS (5.5s)
Timestamp: 2026-09-29 22:35:59
Please verify driver safety immediately.
[2026-09-29 22:38:34] [WARNING] DROWSINESS DETECTED (0.0s)
[2026-09-29 22:38:34] [WARNING] DROWSINESS DETECTED (0.1s)
[2026-09-29 22:38:34] [WARNING] DROWSINESS DETECTED (0.2s)
[2026-09-29 22:38:34] [WARNING] DROWSINESS DETECTED (0.3s)
[2026-09-29 22:38:35] [WARNING] DROWSINESS DETECTED (0.4s)
[2026-09-29 22:38:35] [WARNING] DROWSINESS DETECTED (0.5s)
[2026-09-29 22:38:35] [WARNING] DROWSINESS DETECTED (0.6s)
[2026-09-29 22:38:35] [WARNING] DROWSINESS DETECTED (0.7s)
[2026-09-29 22:38:35] [WARNING] DROWSINESS DETECTED (0.8s)
[2026-09-29 22:38:44] [WARNING] DROWSINESS DETECTED (0.0s)
[2026-09-29 22:38:44] [WARNING] DROWSINESS DETECTED (0.1s)
[2026-09-29 22:38:44] [WARNING] DROWSINESS DETECTED (0.2s)
[2026-09-29 22:38:44] [WARNING] DROWSINESS DETECTED (0.3s)
[2026-09-29 22:38:44] [WARNING] DROWSINESS DETECTED (0.4s)
[2026-09-29 22:38:44] [WARNING] DROWSINESS DETECTED (0.5s)
[2026-09-29 22:38:44] [WARNING] DROWSINESS DETECTED (0.6s)
[2026-09-29 22:38:45] [WARNING] DROWSINESS DETECTED (0.7s)
[2026-09-29 22:38:47] [WARNING] DROWSINESS DETECTED (0.0s)
[2026-09-29 22:38:47] [WARNING] DROWSINESS DETECTED (0.1s)
[2026-09-29 22:38:47] [WARNING] DROWSINESS DETECTED (0.2s)
[2026-09-29 22:38:48] [WARNING] DROWSINESS DETECTED (0.3s)
[2026-09-29 22:38:48] [WARNING] DROWSINESS DETECTED (0.4s)
[2026-09-29 22:38:48] [WARNING] DROWSINESS DETECTED (0.5s)
[2026-09-29 22:38:48] [WARNING] DROWSINESS DETECTED (0.6s)
[2026-09-29 22:38:48] [WARNING] DROWSINESS DETECTED (0.7s)
[2026-09-29 22:38:48] [WARNING] DROWSINESS DETECTED (0.8s)
[2026-09-29 22:38:48] [WARNING] DROWSINESS DETECTED (0.9s)
[2026-09-29 22:38:48] [WARNING] DROWSINESS DETECTED (1.0s)
[2026-09-29 22:38:48] [WARNING] DROWSINESS DETECTED (1.1s)
[2026-09-29 22:38:48] [WARNING] DROWSINESS DETECTED (1.2s)
[2026-09-29 22:38:49] [WARNING] DROWSINESS DETECTED (1.3s)
[2026-09-29 22:38:56] [WARNING] DROWSINESS DETECTED (0.0s)
[2026-09-29 22:38:56] [WARNING] DROWSINESS DETECTED (0.1s)
[2026-09-29 22:38:56] [WARNING] DROWSINESS DETECTED (0.3s)
[2026-09-29 22:38:56] [WARNING] DROWSINESS DETECTED (0.4s)
[2026-09-29 22:38:56] [WARNING] DROWSINESS DETECTED (0.5s)
[2026-09-29 22:38:56] [WARNING] DROWSINESS DETECTED (0.6s)
[2026-09-29 22:38:56] [WARNING] DROWSINESS DETECTED (0.7s)
[2026-09-29 22:38:56] [WARNING] DROWSINESS DETECTED (0.8s)
[2026-09-29 22:38:57] [WARNING] DROWSINESS DETECTED (0.9s)
[2026-09-29 22:38:57] [WARNING] DROWSINESS DETECTED (1.0s)
[2026-09-29 22:38:57] [WARNING] DROWSINESS DETECTED (1.1s)
[2026-09-29 22:38:57] [WARNING] DROWSINESS DETECTED (1.2s)
[2026-09-29 22:38:57] [WARNING] DROWSINESS DETECTED (1.3s)
[2026-09-29 22:38:57] [WARNING] DROWSINESS DETECTED (1.4s)
[2026-09-29 22:38:57] [WARNING] DROWSINESS DETECTED (1.5s)
[2026-09-29 22:38:57] [WARNING] DROWSINESS DETECTED (1.6s)
[2026-09-29 22:38:57] [WARNING] DROWSINESS DETECTED (1.7s)
[2026-09-29 22:38:57] [WARNING] DROWSINESS DETECTED (1.8s)
[2026-09-29 22:43:46] [WARNING] DISTRACTED: DRINK (0.0s)
[2026-09-29 22:43:46] [WARNING] DISTRACTED: DRINK (0.0s)
[2026-09-29 22:43:46] [WARNING] DISTRACTED: DRINK (0.1s)
[2026-09-29 22:43:47] [WARNING] DISTRACTED: DRINK (0.0s)
[2026-09-29 22:43:47] [WARNING] DISTRACTED: DRINK (0.1s)
[2026-09-29 22:43:47] [WARNING] DISTRACTED: DRINK (0.0s)
[2026-09-29 22:43:47] [WARNING] DROWSINESS DETECTED (0.0s)
[2026-09-29 22:43:47] [WARNING] DISTRACTED: DRINK (0.1s)
[2026-09-29 22:43:48] [WARNING] DISTRACTED: DRINK (0.2s)
[2026-09-29 22:43:48] [WARNING] DISTRACTED: DRINK (0.3s)
[2026-09-29 22:43:48] [WARNING] DISTRACTED: DRINK (0.4s)
[2026-09-29 22:43:48] [WARNING] DISTRACTED: DRINK (0.5s)
[2026-09-29 22:43:48] [WARNING] DISTRACTED: DRINK (0.6s)
[2026-09-29 22:43:48] [WARNING] DISTRACTED: DRINK (0.7s)
[2026-09-29 22:43:48] [WARNING] DISTRACTED: DRINK (0.8s)
[2026-09-29 22:43:48] [WARNING] DISTRACTED: DRINK (0.9s)
[2026-09-29 22:43:48] [WARNING] DISTRACTED: DRINK (1.0s)
[2026-09-29 22:43:48] [WARNING] DISTRACTED: DRINK (1.1s)
[2026-09-29 22:43:49] [WARNING] DISTRACTED: DRINK (1.2s)
[2026-09-29 22:43:49] [WARNING] DISTRACTED: DRINK (1.3s)
[2026-09-29 22:43:49] [WARNING] DISTRACTED: DRINK (1.4s)
[2026-09-29 22:43:49] [WARNING] DISTRACTED: DRINK (1.5s)
[2026-09-29 22:43:49] [WARNING] DISTRACTED: DRINK (1.6s)
[2026-09-29 22:43:49] [WARNING] DISTRACTED: DRINK (1.7s)
[2026-09-29 22:43:49] [WARNING] DISTRACTED: DRINK (1.8s)
[2026-09-29 22:43:49] [WARNING] DISTRACTED: DRINK (1.9s)
[2026-09-29 22:43:49] [WARNING] DISTRACTED: DRINK (2.0s)
[2026-09-29 22:43:49] [WARNING] DISTRACTED: DRINK (2.1s)
[2026-09-29 22:43:50] [WARNING] DISTRACTED: DRINK (2.2s)
[2026-09-29 22:43:50] [WARNING] DISTRACTED: DRINK (2.3s)
[2026-09-29 22:43:51] [WARNING] DROWSINESS DETECTED (0.0s)
[2026-09-29 22:43:51] [WARNING] DROWSINESS DETECTED (0.1s)
[2026-09-29 22:43:51] [WARNING] DROWSINESS DETECTED (0.2s)
[2026-09-29 22:43:51] [WARNING] DROWSINESS DETECTED (0.3s)
[2026-09-29 22:43:51] [WARNING] DROWSINESS DETECTED (0.4s)
[2026-09-29 22:43:52] [WARNING] DROWSINESS DETECTED (0.5s)
[2026-09-29 22:43:52] [WARNING] DROWSINESS DETECTED (0.6s)
[2026-09-29 22:43:52] [WARNING] DROWSINESS DETECTED (0.7s)
[2026-09-29 22:43:52] [WARNING] DROWSINESS DETECTED (0.8s)
[2026-09-29 22:43:52] [WARNING] DROWSINESS DETECTED (0.9s)
[2026-09-29 22:43:52] [WARNING] DROWSINESS DETECTED (1.0s)
[2026-09-29 22:43:52] [WARNING] DROWSINESS DETECTED (1.1s)
[2026-09-29 22:43:52] [WARNING] DROWSINESS DETECTED (1.2s)
[2026-09-29 22:43:54] [WARNING] DISTRACTED: DRINK (0.0s)
[2026-09-29 22:43:54] [WARNING] DISTRACTED: DRINK (0.1s)
[2026-09-29 22:43:55] [WARNING] DISTRACTED: DRINK (0.2s)
[2026-09-29 22:43:55] [WARNING] DISTRACTED: DRINK (0.3s)
[2026-09-29 22:43:55] [WARNING] DISTRACTED: DRINK (0.4s)
[2026-09-29 22:43:55] [WARNING] DISTRACTED: DRINK (0.5s)
[2026-09-29 22:43:55] [WARNING] DISTRACTED: DRINK (0.6s)
[2026-09-29 22:44:00] [WARNING] DISTRACTED: PHONE (0.0s)
[2026-09-29 22:44:00] [WARNING] DISTRACTED: PHONE (0.1s)
[2026-09-29 22:44:00] [WARNING] DISTRACTED: PHONE (0.2s)
[2026-09-29 22:44:00] [WARNING] DISTRACTED: PHONE (0.0s)
[2026-09-29 22:44:00] [WARNING] DISTRACTED: PHONE (0.1s)
[2026-09-29 22:44:00] [WARNING] DISTRACTED: PHONE (0.2s)
[2026-09-29 22:44:01] [WARNING] DISTRACTED: PHONE (0.3s)
[2026-09-29 22:44:01] [WARNING] DISTRACTED: PHONE (0.4s)
[2026-09-29 22:44:01] [WARNING] DISTRACTED: PHONE (0.5s)
[2026-09-29 22:44:01] [WARNING] DISTRACTED: PHONE (0.6s)
[2026-09-29 22:44:01] [WARNING] DISTRACTED: PHONE (0.7s)
[2026-09-29 22:44:01] [WARNING] DISTRACTED: PHONE (0.8s)
[2026-09-29 22:44:01] [WARNING] DISTRACTED: PHONE (0.9s)
[2026-09-29 22:44:01] [WARNING] DISTRACTED: PHONE (1.0s)
[2026-09-29 22:44:01] [WARNING] DISTRACTED: PHONE (1.1s)
[2026-09-29 22:44:01] [WARNING] DISTRACTED: PHONE (1.2s)
[2026-09-29 22:44:01] [WARNING] DISTRACTED: PHONE (1.3s)
[2026-09-29 22:44:02] [WARNING] DISTRACTED: PHONE (1.4s)
[2026-09-29 22:44:02] [WARNING] DISTRACTED: PHONE (0.0s)
[2026-09-29 22:44:02] [WARNING] DISTRACTED: PHONE (0.1s)
[2026-09-29 22:44:02] [WARNING] DISTRACTED: PHONE (0.0s)
[2026-09-29 22:44:02] [WARNING] DISTRACTED: PHONE (0.1s)
[2026-09-29 22:44:03] [WARNING] DISTRACTED: PHONE (0.2s)
[2026-09-29 22:44:03] [WARNING] DISTRACTED: PHONE (0.0s)
[2026-09-29 22:44:06] [WARNING] DISTRACTED: PHONE (0.0s)
[2026-09-29 22:44:06] [WARNING] DISTRACTED: PHONE (0.1s)
[2026-09-29 22:44:07] [WARNING] DISTRACTED: PHONE (0.2s)
[2026-09-29 22:44:07] [WARNING] DISTRACTED: PHONE (0.3s)
[2026-09-29 22:44:07] [WARNING] DISTRACTED: PHONE (0.4s)
[2026-09-29 22:44:07] [WARNING] DISTRACTED: PHONE (0.5s)
[2026-09-29 22:44:07] [WARNING] DISTRACTED: PHONE (0.6s)
[2026-09-29 22:44:07] [WARNING] DISTRACTED: PHONE (0.7s)
[2026-09-29 22:44:07] [WARNING] DISTRACTED: PHONE (0.8s)
[2026-09-29 22:44:07] [WARNING] DISTRACTED: PHONE (0.9s)
[2026-09-29 22:44:07] [WARNING] DISTRACTED: PHONE (1.0s)
[2026-09-29 22:44:07] [WARNING] DISTRACTED: PHONE (1.1s)
[2026-09-29 22:44:08] [WARNING] DISTRACTED: PHONE (1.2s)
[2026-09-29 22:44:08] [WARNING] DISTRACTED: PHONE (1.3s)
[2026-09-29 22:44:08] [WARNING] DISTRACTED: PHONE (1.4s)
[2026-09-29 22:44:08] [WARNING] DISTRACTED: PHONE (1.5s)
[2026-09-29 22:44:30] [WARNING] DROWSINESS DETECTED (0.0s)
[2026-09-29 22:44:30] [WARNING] DROWSINESS DETECTED (0.2s)
[2026-09-29 22:44:30] [WARNING] DROWSINESS DETECTED (0.3s)
[2026-09-29 22:44:30] [WARNING] DROWSINESS DETECTED (0.5s)
[2026-09-29 22:44:30] [WARNING] DROWSINESS DETECTED (0.7s)
[2026-09-29 22:48:41] [WARNING] DROWSINESS DETECTED (0.0s)
[2026-09-29 22:48:41] [WARNING] DROWSINESS DETECTED (0.1s)
[2026-09-29 22:48:41] [WARNING] DROWSINESS DETECTED (0.2s)
[2026-09-29 22:48:41] [WARNING] DROWSINESS DETECTED (0.3s)
[2026-09-29 22:48:42] [WARNING] DROWSINESS DETECTED (0.4s)
[2026-09-29 22:48:42] [WARNING] DROWSINESS DETECTED (0.5s)
[2026-09-29 22:48:42] [WARNING] DROWSINESS DETECTED (0.6s)
[2026-09-29 22:48:42] [WARNING] DROWSINESS DETECTED (0.7s)
[2026-09-29 22:48:42] [WARNING] DROWSINESS DETECTED (0.8s)
[2026-09-29 22:48:42] [WARNING] DROWSINESS DETECTED (0.9s)
[2026-09-29 22:48:42] [WARNING] DROWSINESS DETECTED (1.0s)
[2026-09-29 22:48:42] [WARNING] DROWSINESS DETECTED (1.1s)
[2026-09-29 22:48:42] [WARNING] DROWSINESS DETECTED (1.2s)
[2026-09-29 22:48:42] [WARNING] DROWSINESS DETECTED (1.3s)
[2026-09-29 22:48:43] [WARNING] DROWSINESS DETECTED (1.4s)
[2026-09-29 22:48:43] [WARNING] DROWSINESS DETECTED (1.5s)
[2026-09-29 22:48:43] [WARNING] DROWSINESS DETECTED (1.6s)
[2026-09-29 22:48:43] [WARNING] DROWSINESS DETECTED (1.7s)
[2026-09-29 22:48:43] [WARNING] DROWSINESS DETECTED (1.8s)
[2026-09-29 22:48:43] [WARNING] DROWSINESS DETECTED (1.9s)
[2026-09-29 22:48:43] [WARNING] DROWSINESS DETECTED (2.0s)
[2026-09-29 22:48:46] [WARNING] DROWSINESS DETECTED (0.0s)
[2026-09-29 22:48:46] [WARNING] DROWSINESS DETECTED (0.1s)
[2026-09-29 22:48:46] [WARNING] DROWSINESS DETECTED (0.2s)
[2026-09-29 22:48:46] [WARNING] DROWSINESS DETECTED (0.3s)
[2026-09-29 22:48:46] [WARNING] DROWSINESS DETECTED (0.4s)
[2026-09-29 22:48:46] [WARNING] DROWSINESS DETECTED (0.5s)
[2026-09-29 22:48:46] [WARNING] DROWSINESS DETECTED (0.6s)
[2026-09-29 22:48:47] [WARNING] DROWSINESS DETECTED (0.7s)
[2026-09-29 22:48:52] [WARNING] DROWSINESS DETECTED (0.0s)
[2026-09-29 22:48:52] [WARNING] DROWSINESS DETECTED (0.1s)
[2026-09-29 22:48:54] [WARNING] DROWSINESS DETECTED (0.0s)
[2026-09-29 22:48:54] [WARNING] DROWSINESS DETECTED (0.1s)
[2026-09-29 22:48:54] [WARNING] DROWSINESS DETECTED (0.2s)
[2026-09-29 22:48:54] [WARNING] DROWSINESS DETECTED (0.3s)
[2026-09-29 22:48:54] [WARNING] DROWSINESS DETECTED (0.4s)
[2026-09-29 22:48:54] [WARNING] DROWSINESS DETECTED (0.5s)
[2026-09-29 22:48:54] [WARNING] DROWSINESS DETECTED (0.6s)
[2026-09-29 22:48:54] [WARNING] DROWSINESS DETECTED (0.7s)
[2026-09-29 22:48:54] [WARNING] DROWSINESS DETECTED (0.8s)
[2026-09-29 22:49:05] [WARNING] DROWSINESS DETECTED (0.0s)
[2026-09-29 22:49:05] [WARNING] DROWSINESS DETECTED (0.1s)
[2026-09-29 22:49:05] [WARNING] DROWSINESS DETECTED (0.2s)
[2026-09-29 22:49:06] [WARNING] DROWSINESS DETECTED (0.3s)
[2026-09-29 22:49:06] [WARNING] DROWSINESS DETECTED (0.4s)
[2026-09-29 22:49:06] [WARNING] DROWSINESS DETECTED (0.5s)
[2026-09-29 22:49:06] [WARNING] DROWSINESS DETECTED (0.6s)
[2026-09-29 22:49:06] [WARNING] DROWSINESS DETECTED (0.7s)
[2026-09-29 22:49:06] [WARNING] DROWSINESS DETECTED (0.8s)
[2026-09-29 22:49:06] [WARNING] DROWSINESS DETECTED (0.9s)
[2026-09-29 22:49:11] [WARNING] DISTRACTED: PHONE (0.0s)
[2026-09-29 22:49:12] [WARNING] DISTRACTED: PHONE (0.0s)
[2026-09-29 22:49:12] [WARNING] DISTRACTED: PHONE (0.1s)
[2026-09-29 22:49:12] [WARNING] DISTRACTED: PHONE (0.2s)
[2026-09-29 22:49:12] [WARNING] DISTRACTED: PHONE (0.3s)
[2026-09-29 22:49:12] [WARNING] DISTRACTED: PHONE (0.4s)
[2026-09-29 22:49:12] [WARNING] DISTRACTED: PHONE (0.5s)
[2026-09-29 22:49:12] [WARNING] DISTRACTED: PHONE (0.6s)
[2026-09-29 22:49:13] [WARNING] DISTRACTED: PHONE (0.7s)
[2026-09-29 22:49:13] [WARNING] DISTRACTED: PHONE (0.8s)
[2026-09-29 22:49:13] [WARNING] DISTRACTED: PHONE (0.9s)
[2026-09-29 22:49:13] [WARNING] DISTRACTED: PHONE (1.0s)
[2026-09-29 22:49:13] [WARNING] DISTRACTED: PHONE (1.1s)
[2026-09-29 22:49:13] [WARNING] DISTRACTED: PHONE (1.2s)
[2026-09-29 22:49:13] [WARNING] DISTRACTED: PHONE (0.0s)
[2026-09-29 22:49:17] [WARNING] DISTRACTED: DRINK (0.0s)
[2026-09-29 22:49:20] [WARNING] DISTRACTED: DRINK (0.0s)
[2026-09-29 22:49:24] [WARNING] DROWSINESS DETECTED (0.0s)
[2026-09-29 22:49:24] [WARNING] DROWSINESS DETECTED (0.1s)
[2026-09-29 22:49:24] [WARNING] DROWSINESS DETECTED (0.2s)
[2026-09-29 22:52:02] [WARNING] YAWNING ALERT (1.5s)
[2026-09-29 22:52:02] [WARNING] FACE COVERING ALERT (2.0s)
[2026-09-29 22:52:02] [WARNING] FACE COVERING ALERT (5.5s)
[2026-09-29 22:52:02] [CRITICAL] CRITICAL SAFETY: FACE COVERED / OBSTRUCTED (5.5s)
[2026-09-29 22:52:02] [CRITICAL] Dispatching emergency SMS to 1 contact(s)...
[2026-09-29 22:52:02] [INFO] [SIMULATED SMS] To: Emergency Helpline (+18005550199) | Body:
[DMS CRITICAL ALERT] Driver requires immediate attention!
Event: CRITICAL SAFETY: FACE COVERED / OBSTRUCTED (5.5s)
Timestamp: 2026-09-29 22:52:02
Please verify driver safety immediately.
[2026-09-29 23:02:39] [WARNING] YAWNING ALERT (1.8s)
[2026-09-29 23:02:39] [WARNING] FACE COVERING ALERT (2.2s)
[2026-09-29 23:04:28] [WARNING] DROWSINESS ALERT (0.0s)
[2026-09-29 23:04:28] [WARNING] DROWSINESS ALERT (0.1s)
[2026-09-29 23:04:28] [WARNING] DROWSINESS ALERT (0.2s)
[2026-09-29 23:04:28] [WARNING] DROWSINESS ALERT (0.3s)
[2026-09-29 23:04:28] [WARNING] DROWSINESS ALERT (0.4s)
[2026-09-29 23:04:28] [WARNING] DROWSINESS ALERT (0.5s)
[2026-09-29 23:04:28] [WARNING] DROWSINESS ALERT (0.6s)
[2026-09-29 23:04:29] [WARNING] DROWSINESS ALERT (0.7s)
[2026-09-29 23:04:29] [WARNING] DROWSINESS ALERT (0.8s)
[2026-09-29 23:04:29] [WARNING] DROWSINESS ALERT (0.9s)
[2026-09-29 23:04:29] [WARNING] DROWSINESS ALERT (1.0s)
[2026-09-29 23:04:29] [WARNING] DROWSINESS ALERT (1.1s)
[2026-09-29 23:04:29] [WARNING] DROWSINESS ALERT (1.2s)
[2026-09-29 23:04:29] [WARNING] DROWSINESS ALERT (1.3s)
[2026-09-29 23:04:29] [WARNING] DROWSINESS ALERT (1.4s)
[2026-09-29 23:04:29] [WARNING] DROWSINESS ALERT (1.5s)
[2026-09-29 23:04:29] [WARNING] DROWSINESS ALERT (1.6s)
[2026-09-29 23:04:30] [WARNING] DROWSINESS ALERT (1.7s)
[2026-09-29 23:04:30] [WARNING] DROWSINESS ALERT (1.8s)
[2026-09-29 23:04:44] [WARNING] FACE COVERING ALERT (0.0s)
[2026-09-29 23:04:44] [WARNING] FACE COVERING ALERT (0.1s)
[2026-09-29 23:04:46] [WARNING] DROWSINESS ALERT (0.0s)
[2026-09-29 23:04:46] [WARNING] DROWSINESS ALERT (0.1s)
[2026-09-29 23:04:46] [WARNING] DROWSINESS ALERT (0.2s)
[2026-09-29 23:04:46] [WARNING] DROWSINESS ALERT (0.3s)
[2026-09-29 23:05:00] [WARNING] FACE COVERING ALERT (0.0s)
[2026-09-29 23:05:01] [WARNING] FACE COVERING ALERT (0.1s)
[2026-09-29 23:05:01] [WARNING] FACE COVERING ALERT (0.2s)
[2026-09-29 23:05:01] [WARNING] FACE COVERING ALERT (0.3s)
[2026-09-29 23:05:01] [WARNING] FACE COVERING ALERT (0.4s)
[2026-09-29 23:05:01] [WARNING] FACE COVERING ALERT (0.5s)
[2026-09-29 23:05:01] [WARNING] FACE COVERING ALERT (0.6s)
[2026-09-29 23:05:01] [WARNING] FACE COVERING ALERT (0.7s)
[2026-09-29 23:05:01] [WARNING] FACE COVERING ALERT (0.8s)
[2026-09-29 23:05:01] [WARNING] FACE COVERING ALERT (0.9s)
[2026-09-29 23:05:02] [WARNING] FACE COVERING ALERT (1.0s)
[2026-09-29 23:05:02] [WARNING] FACE COVERING ALERT (1.1s)
[2026-09-29 23:05:02] [WARNING] FACE COVERING ALERT (1.2s)
[2026-09-29 23:05:02] [WARNING] FACE COVERING ALERT (1.3s)
[2026-09-29 23:05:02] [WARNING] FACE COVERING ALERT (1.4s)
[2026-09-29 23:05:02] [WARNING] FACE COVERING ALERT (1.5s)
[2026-09-29 23:05:02] [WARNING] FACE COVERING ALERT (1.6s)
[2026-09-29 23:05:02] [WARNING] FACE COVERING ALERT (1.7s)
[2026-09-29 23:05:02] [WARNING] FACE COVERING ALERT (1.8s)
[2026-09-29 23:05:02] [WARNING] FACE COVERING ALERT (1.9s)
[2026-09-29 23:05:03] [WARNING] FACE COVERING ALERT (2.0s)
[2026-09-29 23:05:03] [WARNING] FACE COVERING ALERT (2.1s)
[2026-09-29 23:05:03] [WARNING] FACE COVERING ALERT (2.2s)
[2026-09-29 23:05:03] [WARNING] FACE COVERING ALERT (2.3s)
[2026-09-29 23:05:03] [WARNING] FACE COVERING ALERT (2.4s)
[2026-09-29 23:05:03] [WARNING] FACE COVERING ALERT (2.5s)
[2026-09-29 23:05:03] [WARNING] FACE COVERING ALERT (2.6s)
[2026-09-29 23:05:03] [WARNING] FACE COVERING ALERT (2.7s)
[2026-09-29 23:05:03] [WARNING] FACE COVERING ALERT (2.8s)
[2026-09-29 23:05:03] [WARNING] FACE COVERING ALERT (2.9s)
[2026-09-29 23:05:03] [WARNING] FACE COVERING ALERT (3.0s)
[2026-09-29 23:05:04] [WARNING] FACE COVERING ALERT (3.1s)
[2026-09-29 23:05:04] [WARNING] FACE COVERING ALERT (3.2s)
[2026-09-29 23:05:04] [WARNING] FACE COVERING ALERT (3.3s)
[2026-09-29 23:05:47] [WARNING] BEHAVIOR ALERT: PHONE (0.0s)
[2026-09-29 23:05:47] [WARNING] BEHAVIOR ALERT: PHONE (0.1s)
[2026-09-29 23:05:47] [WARNING] BEHAVIOR ALERT: PHONE (0.2s)
[2026-09-29 23:05:53] [WARNING] DROWSINESS ALERT (0.0s)
[2026-09-29 23:05:53] [WARNING] DROWSINESS ALERT (0.1s)
[2026-09-29 23:12:41] [WARNING] YAWNING ALERT (0.0s)
[2026-09-29 23:12:42] [WARNING] YAWNING ALERT (0.1s)
[2026-09-29 23:12:42] [WARNING] YAWNING ALERT (0.2s)
[2026-09-29 23:12:42] [WARNING] YAWNING ALERT (0.3s)
[2026-09-29 23:12:42] [WARNING] YAWNING ALERT (0.4s)
[2026-09-29 23:12:42] [WARNING] YAWNING ALERT (0.5s)
[2026-09-29 23:12:42] [WARNING] YAWNING ALERT (0.6s)
[2026-09-29 23:12:42] [WARNING] YAWNING ALERT (0.7s)
[2026-09-29 23:12:42] [WARNING] YAWNING ALERT (0.8s)
[2026-09-29 23:12:42] [WARNING] YAWNING ALERT (0.9s)
[2026-09-29 23:12:42] [WARNING] YAWNING ALERT (1.0s)
[2026-09-29 23:12:43] [WARNING] YAWNING ALERT (1.1s)
[2026-09-29 23:12:43] [WARNING] DROWSINESS ALERT (0.0s)
[2026-09-29 23:12:43] [WARNING] YAWNING ALERT (1.2s)
[2026-09-29 23:12:43] [WARNING] DROWSINESS ALERT (0.1s)
[2026-09-29 23:12:43] [WARNING] YAWNING ALERT (1.3s)
[2026-09-29 23:12:43] [WARNING] DROWSINESS ALERT (0.2s)
[2026-09-29 23:12:43] [WARNING] YAWNING ALERT (1.4s)
[2026-09-29 23:12:43] [WARNING] YAWNING ALERT (2.9s)
[2026-09-29 23:12:43] [WARNING] DROWSINESS ALERT (0.3s)
[2026-09-29 23:12:43] [WARNING] DROWSINESS ALERT (0.4s)
[2026-09-29 23:12:43] [WARNING] YAWNING ALERT (2.8s)
[2026-09-29 23:12:43] [WARNING] DROWSINESS ALERT (0.5s)
[2026-09-29 23:12:43] [WARNING] YAWNING ALERT (2.7s)
[2026-09-29 23:12:43] [WARNING] YAWNING ALERT (2.6s)
[2026-09-29 23:12:43] [WARNING] DROWSINESS ALERT (0.6s)
[2026-09-29 23:12:43] [WARNING] DROWSINESS ALERT (0.7s)
[2026-09-29 23:12:43] [WARNING] YAWNING ALERT (2.5s)
[2026-09-29 23:12:43] [WARNING] DROWSINESS ALERT (0.8s)
[2026-09-29 23:12:43] [WARNING] YAWNING ALERT (2.4s)
[2026-09-29 23:12:44] [WARNING] YAWNING ALERT (2.3s)
[2026-09-29 23:12:44] [WARNING] YAWNING ALERT (2.2s)
[2026-09-29 23:12:44] [WARNING] YAWNING ALERT (2.1s)
[2026-09-29 23:12:44] [WARNING] YAWNING ALERT (2.0s)
[2026-09-29 23:12:44] [WARNING] YAWNING ALERT (1.9s)
[2026-09-29 23:12:44] [WARNING] YAWNING ALERT (1.8s)
[2026-09-29 23:12:44] [WARNING] YAWNING ALERT (1.7s)
[2026-09-29 23:12:44] [WARNING] YAWNING ALERT (1.6s)
[2026-09-29 23:12:44] [WARNING] YAWNING ALERT (1.5s)
[2026-09-29 23:12:44] [WARNING] YAWNING ALERT (1.4s)
[2026-09-29 23:12:45] [WARNING] YAWNING ALERT (1.3s)
[2026-09-29 23:12:45] [WARNING] YAWNING ALERT (1.2s)
[2026-09-29 23:12:45] [WARNING] YAWNING ALERT (1.1s)
[2026-09-29 23:12:45] [WARNING] YAWNING ALERT (1.0s)
[2026-09-29 23:12:45] [WARNING] YAWNING ALERT (0.9s)
[2026-09-29 23:12:45] [WARNING] YAWNING ALERT (0.8s)
[2026-09-29 23:12:45] [WARNING] YAWNING ALERT (0.7s)
[2026-09-29 23:12:45] [WARNING] YAWNING ALERT (0.6s)
[2026-09-29 23:12:45] [WARNING] YAWNING ALERT (0.5s)
[2026-09-29 23:12:45] [WARNING] YAWNING ALERT (0.4s)
[2026-09-29 23:12:46] [WARNING] YAWNING ALERT (0.3s)
[2026-09-29 23:12:46] [WARNING] YAWNING ALERT (0.2s)
[2026-09-29 23:12:46] [WARNING] YAWNING ALERT (0.1s)
[2026-09-29 23:12:46] [WARNING] YAWNING ALERT (0.0s)
[2026-09-29 23:12:50] [WARNING] YAWNING ALERT (0.0s)
[2026-09-29 23:12:50] [WARNING] YAWNING ALERT (0.1s)
[2026-09-29 23:12:50] [WARNING] YAWNING ALERT (0.2s)
[2026-09-29 23:12:50] [WARNING] YAWNING ALERT (0.3s)
[2026-09-29 23:12:50] [WARNING] YAWNING ALERT (0.4s)
[2026-09-29 23:12:50] [WARNING] YAWNING ALERT (0.5s)
[2026-09-29 23:12:51] [WARNING] YAWNING ALERT (0.6s)
[2026-09-29 23:12:51] [WARNING] YAWNING ALERT (2.9s)
[2026-09-29 23:12:51] [WARNING] YAWNING ALERT (2.8s)
[2026-09-29 23:12:51] [WARNING] YAWNING ALERT (2.7s)
[2026-09-29 23:12:51] [WARNING] YAWNING ALERT (2.6s)
[2026-09-29 23:12:51] [WARNING] YAWNING ALERT (2.5s)
[2026-09-29 23:12:51] [WARNING] YAWNING ALERT (2.4s)
[2026-09-29 23:12:51] [WARNING] YAWNING ALERT (2.3s)
[2026-09-29 23:12:51] [WARNING] YAWNING ALERT (2.2s)
[2026-09-29 23:12:51] [WARNING] YAWNING ALERT (2.1s)
[2026-09-29 23:12:52] [WARNING] YAWNING ALERT (2.0s)
[2026-09-29 23:12:52] [WARNING] YAWNING ALERT (1.9s)
[2026-09-29 23:12:52] [WARNING] YAWNING ALERT (1.8s)
[2026-09-29 23:12:52] [WARNING] YAWNING ALERT (1.7s)
[2026-09-29 23:12:52] [WARNING] YAWNING ALERT (1.6s)
[2026-09-29 23:12:52] [WARNING] YAWNING ALERT (1.5s)
[2026-09-29 23:12:52] [WARNING] YAWNING ALERT (1.4s)
[2026-09-29 23:12:52] [WARNING] YAWNING ALERT (1.3s)
[2026-09-29 23:12:52] [WARNING] YAWNING ALERT (1.2s)
[2026-09-29 23:12:52] [WARNING] YAWNING ALERT (1.1s)
[2026-09-29 23:12:53] [WARNING] YAWNING ALERT (1.0s)
[2026-09-29 23:12:53] [WARNING] YAWNING ALERT (0.9s)
[2026-09-29 23:12:53] [WARNING] YAWNING ALERT (0.8s)
[2026-09-29 23:12:53] [WARNING] YAWNING ALERT (0.7s)
[2026-09-29 23:12:53] [WARNING] YAWNING ALERT (0.6s)
[2026-09-29 23:12:53] [WARNING] YAWNING ALERT (0.5s)
[2026-09-29 23:12:53] [WARNING] YAWNING ALERT (0.4s)
[2026-09-29 23:12:53] [WARNING] YAWNING ALERT (0.3s)
[2026-09-29 23:12:53] [WARNING] YAWNING ALERT (0.2s)
[2026-09-29 23:12:53] [WARNING] YAWNING ALERT (0.1s)
[2026-09-29 23:12:54] [WARNING] YAWNING ALERT (0.0s)
[2026-09-29 23:13:05] [WARNING] BEHAVIOR ALERT: PHONE (0.0s)
[2026-09-29 23:13:05] [WARNING] BEHAVIOR ALERT: PHONE (0.0s)
[2026-09-29 23:13:05] [WARNING] BEHAVIOR ALERT: PHONE (0.1s)
[2026-09-29 23:13:10] [WARNING] DROWSINESS ALERT (0.0s)
[2026-09-29 23:13:11] [WARNING] DROWSINESS ALERT (0.1s)
[2026-09-29 23:13:11] [WARNING] DROWSINESS ALERT (0.2s)
[2026-09-29 23:13:11] [WARNING] DROWSINESS ALERT (0.3s)
[2026-09-29 23:13:11] [WARNING] DROWSINESS ALERT (0.4s)
[2026-09-29 23:13:11] [WARNING] DROWSINESS ALERT (0.5s)
[2026-09-29 23:13:11] [WARNING] DROWSINESS ALERT (0.6s)
[2026-09-29 23:13:11] [WARNING] DROWSINESS ALERT (0.7s)
[2026-09-29 23:13:11] [WARNING] DROWSINESS ALERT (0.8s)
[2026-09-29 23:13:11] [WARNING] DROWSINESS ALERT (0.9s)
[2026-09-29 23:13:11] [WARNING] DROWSINESS ALERT (1.0s)
[2026-09-29 23:13:12] [WARNING] DROWSINESS ALERT (1.1s)
[2026-09-29 23:13:12] [WARNING] DROWSINESS ALERT (1.2s)
[2026-09-29 23:13:12] [WARNING] DROWSINESS ALERT (1.3s)
[2026-09-29 23:13:16] [WARNING] BEHAVIOR ALERT: DRINK (0.0s)
[2026-09-29 23:13:16] [WARNING] BEHAVIOR ALERT: DRINK (0.1s)
[2026-09-29 23:13:16] [WARNING] BEHAVIOR ALERT: DRINK (0.2s)
[2026-09-29 23:13:16] [WARNING] BEHAVIOR ALERT: DRINK (0.3s)
[2026-09-29 23:13:16] [WARNING] BEHAVIOR ALERT: DRINK (0.4s)
[2026-09-29 23:13:16] [WARNING] BEHAVIOR ALERT: DRINK (0.5s)
[2026-09-29 23:13:25] [WARNING] DROWSINESS ALERT (0.0s)
[2026-09-29 23:13:25] [WARNING] DROWSINESS ALERT (0.1s)
[2026-09-29 23:13:25] [WARNING] DROWSINESS ALERT (0.2s)
[2026-09-29 23:13:25] [WARNING] DROWSINESS ALERT (0.3s)
[2026-09-29 23:13:25] [WARNING] DROWSINESS ALERT (0.4s)
[2026-09-29 23:13:25] [WARNING] DROWSINESS ALERT (0.5s)
[2026-09-29 23:13:25] [WARNING] DROWSINESS ALERT (0.6s)
[2026-09-29 23:13:25] [WARNING] DROWSINESS ALERT (0.7s)
[2026-09-29 23:13:25] [WARNING] DROWSINESS ALERT (0.8s)
[2026-09-29 23:13:26] [WARNING] DROWSINESS ALERT (0.9s)
[2026-09-29 23:13:26] [WARNING] DROWSINESS ALERT (1.0s)
[2026-09-29 23:13:26] [WARNING] DROWSINESS ALERT (1.1s)
[2026-09-29 23:13:26] [WARNING] DROWSINESS ALERT (1.2s)
[2026-09-29 23:13:26] [WARNING] DROWSINESS ALERT (1.3s)
[2026-09-29 23:13:26] [WARNING] DROWSINESS ALERT (1.4s)
[2026-09-29 23:13:26] [WARNING] DROWSINESS ALERT (1.5s)
[2026-09-29 23:13:32] [WARNING] BEHAVIOR ALERT: DRINK (0.0s)
[2026-09-29 23:13:32] [WARNING] BEHAVIOR ALERT: DRINK (0.1s)
[2026-09-29 23:13:35] [WARNING] BEHAVIOR ALERT: DRINK (0.0s)
[2026-09-29 23:13:35] [WARNING] BEHAVIOR ALERT: DRINK (0.1s)
[2026-09-29 23:13:35] [WARNING] BEHAVIOR ALERT: DRINK (0.2s)
[2026-09-29 23:13:35] [WARNING] BEHAVIOR ALERT: DRINK (0.3s)
[2026-09-29 23:13:35] [WARNING] BEHAVIOR ALERT: DRINK (0.4s)
[2026-09-29 23:13:35] [WARNING] BEHAVIOR ALERT: DRINK (0.5s)
[2026-09-29 23:13:35] [WARNING] BEHAVIOR ALERT: DRINK (0.6s)
[2026-09-29 23:13:35] [WARNING] BEHAVIOR ALERT: DRINK (0.7s)
[2026-09-29 23:13:41] [WARNING] BEHAVIOR ALERT: DRINK (0.0s)
[2026-09-29 23:13:41] [WARNING] BEHAVIOR ALERT: DRINK (0.1s)
[2026-09-29 23:13:41] [WARNING] BEHAVIOR ALERT: DRINK (0.2s)
[2026-09-29 23:13:41] [WARNING] BEHAVIOR ALERT: DRINK (0.3s)
[2026-09-29 23:13:41] [WARNING] BEHAVIOR ALERT: DRINK (0.4s)
[2026-09-29 23:13:42] [WARNING] BEHAVIOR ALERT: DRINK (0.5s)
[2026-09-29 23:13:42] [WARNING] BEHAVIOR ALERT: DRINK (0.6s)
[2026-09-29 23:13:42] [WARNING] BEHAVIOR ALERT: DRINK (0.7s)
[2026-09-29 23:13:42] [WARNING] BEHAVIOR ALERT: DRINK (0.8s)
[2026-09-29 23:13:42] [WARNING] BEHAVIOR ALERT: DRINK (0.9s)
[2026-09-29 23:13:45] [WARNING] BEHAVIOR ALERT: DRINK (0.0s)
[2026-09-29 23:13:46] [WARNING] BEHAVIOR ALERT: DRINK (0.0s)
[2026-09-29 23:13:46] [WARNING] BEHAVIOR ALERT: DRINK (0.1s)
[2026-09-29 23:13:46] [WARNING] BEHAVIOR ALERT: DRINK (0.2s)
[2026-09-29 23:13:46] [WARNING] BEHAVIOR ALERT: DRINK (0.3s)
[2026-09-29 23:13:46] [WARNING] BEHAVIOR ALERT: DRINK (0.4s)
[2026-09-29 23:13:46] [WARNING] BEHAVIOR ALERT: DRINK (0.5s)
[2026-09-29 23:13:46] [WARNING] BEHAVIOR ALERT: DRINK (0.6s)
[2026-09-29 23:14:17] [WARNING] DROWSINESS ALERT (0.0s)
[2026-09-29 23:14:27] [WARNING] FACE COVERING ALERT (0.0s)
[2026-09-29 23:14:27] [WARNING] FACE COVERING ALERT (0.1s)
[2026-09-29 23:14:28] [WARNING] FACE COVERING ALERT (0.2s)
[2026-09-29 23:14:28] [WARNING] FACE COVERING ALERT (0.3s)
[2026-09-29 23:14:28] [WARNING] FACE COVERING ALERT (0.4s)
[2026-09-29 23:14:28] [WARNING] FACE COVERING ALERT (0.5s)
[2026-09-29 23:14:28] [WARNING] FACE COVERING ALERT (0.6s)
[2026-09-29 23:14:28] [WARNING] FACE COVERING ALERT (0.7s)
[2026-09-29 23:14:28] [WARNING] FACE COVERING ALERT (0.8s)
[2026-09-29 23:14:28] [WARNING] FACE COVERING ALERT (0.9s)
[2026-09-29 23:14:28] [WARNING] FACE COVERING ALERT (1.0s)
[2026-09-29 23:14:28] [WARNING] FACE COVERING ALERT (1.1s)
[2026-09-29 23:14:29] [WARNING] FACE COVERING ALERT (1.2s)
[2026-09-29 23:14:33] [WARNING] DROWSINESS ALERT (0.0s)
[2026-09-29 23:14:34] [WARNING] DROWSINESS ALERT (0.1s)
[2026-09-29 23:14:34] [WARNING] DROWSINESS ALERT (0.2s)
[2026-09-29 23:14:34] [WARNING] DROWSINESS ALERT (0.3s)
[2026-09-29 23:14:34] [WARNING] DROWSINESS ALERT (0.4s)
[2026-09-29 23:14:34] [WARNING] DROWSINESS ALERT (0.5s)
[2026-09-29 23:14:34] [WARNING] DROWSINESS ALERT (0.6s)
[2026-09-29 23:14:45] [WARNING] DROWSINESS ALERT (0.0s)
[2026-09-29 23:14:45] [WARNING] DROWSINESS ALERT (0.1s)
[2026-09-29 23:14:45] [WARNING] DROWSINESS ALERT (0.2s)
[2026-09-29 23:14:45] [WARNING] DROWSINESS ALERT (0.3s)
[2026-09-29 23:14:45] [WARNING] DROWSINESS ALERT (0.4s)
[2026-09-29 23:14:45] [WARNING] DROWSINESS ALERT (0.5s)
[2026-09-29 23:14:46] [WARNING] DROWSINESS ALERT (0.6s)
[2026-09-29 23:14:48] [WARNING] YAWNING ALERT (0.0s)
[2026-09-29 23:14:48] [WARNING] YAWNING ALERT (0.1s)
[2026-09-29 23:14:48] [WARNING] YAWNING ALERT (0.2s)
[2026-09-29 23:14:48] [WARNING] YAWNING ALERT (0.3s)
[2026-09-29 23:14:48] [WARNING] YAWNING ALERT (0.4s)
[2026-09-29 23:14:48] [WARNING] YAWNING ALERT (0.5s)
[2026-09-29 23:14:48] [WARNING] YAWNING ALERT (0.6s)
[2026-09-29 23:14:49] [WARNING] YAWNING ALERT (0.7s)
[2026-09-29 23:14:49] [WARNING] YAWNING ALERT (0.8s)
[2026-09-29 23:14:49] [WARNING] YAWNING ALERT (0.9s)
[2026-09-29 23:14:49] [WARNING] YAWNING ALERT (2.9s)
[2026-09-29 23:14:49] [WARNING] YAWNING ALERT (2.8s)
[2026-09-29 23:14:49] [WARNING] YAWNING ALERT (2.7s)
[2026-09-29 23:14:49] [WARNING] YAWNING ALERT (2.6s)
[2026-09-29 23:14:49] [WARNING] YAWNING ALERT (2.5s)
[2026-09-29 23:14:49] [WARNING] YAWNING ALERT (2.4s)
[2026-09-29 23:14:49] [WARNING] YAWNING ALERT (2.3s)
[2026-09-29 23:14:50] [WARNING] YAWNING ALERT (2.2s)
[2026-09-29 23:14:50] [WARNING] YAWNING ALERT (2.1s)
[2026-09-29 23:14:50] [WARNING] YAWNING ALERT (2.0s)
[2026-09-29 23:14:50] [WARNING] YAWNING ALERT (1.9s)
[2026-09-29 23:14:50] [WARNING] YAWNING ALERT (1.8s)
[2026-09-29 23:14:50] [WARNING] YAWNING ALERT (1.7s)
[2026-09-29 23:14:50] [WARNING] YAWNING ALERT (1.6s)
[2026-09-29 23:14:50] [WARNING] YAWNING ALERT (1.5s)
[2026-09-29 23:14:50] [WARNING] YAWNING ALERT (1.4s)
[2026-09-29 23:14:50] [WARNING] YAWNING ALERT (1.3s)
[2026-09-29 23:14:51] [WARNING] YAWNING ALERT (1.2s)
[2026-09-29 23:14:51] [WARNING] YAWNING ALERT (1.1s)
[2026-09-29 23:14:51] [WARNING] YAWNING ALERT (1.0s)
[2026-09-29 23:14:51] [WARNING] YAWNING ALERT (0.9s)
[2026-09-29 23:14:51] [WARNING] YAWNING ALERT (0.8s)
[2026-09-29 23:14:51] [WARNING] YAWNING ALERT (0.7s)
[2026-09-29 23:14:51] [WARNING] YAWNING ALERT (0.6s)
[2026-09-29 23:14:51] [WARNING] YAWNING ALERT (0.5s)
[2026-09-29 23:14:51] [WARNING] YAWNING ALERT (0.4s)
[2026-09-29 23:14:51] [WARNING] YAWNING ALERT (0.3s)
[2026-09-29 23:14:52] [WARNING] YAWNING ALERT (0.2s)
[2026-09-29 23:14:52] [WARNING] YAWNING ALERT (0.1s)
[2026-09-29 23:14:52] [WARNING] YAWNING ALERT (0.0s)
[2026-09-29 23:23:28] [WARNING] DROWSINESS ALERT (0.0s)
[2026-09-29 23:23:28] [WARNING] DROWSINESS ALERT (0.1s)
[2026-09-29 23:23:28] [WARNING] DROWSINESS ALERT (0.2s)
[2026-09-29 23:40:36] [WARNING] SMOKING ALERT (7.0s)
[2026-09-29 23:40:36] [CRITICAL] CRITICAL BEHAVIOR: SMOKING (7.0s)
[2026-09-29 23:40:36] [CRITICAL] Dispatching emergency SMS to 1 contact(s)...
[2026-09-29 23:42:33] [WARNING] DROWSINESS ALERT (0.0s)
[2026-09-29 23:45:45] [WARNING] DROWSINESS ALERT (0.0s)
[2026-09-29 23:45:45] [WARNING] DROWSINESS ALERT (0.1s)
[2026-09-29 23:45:45] [WARNING] DROWSINESS ALERT (0.2s)
[2026-09-29 23:45:46] [WARNING] DROWSINESS ALERT (0.3s)
[2026-09-29 23:45:54] [WARNING] DROWSINESS ALERT (0.0s)
[2026-09-29 23:45:55] [WARNING] DROWSINESS ALERT (0.1s)
[2026-09-29 23:45:55] [WARNING] DROWSINESS ALERT (0.2s)
[2026-09-29 23:45:55] [WARNING] DROWSINESS ALERT (0.3s)
[2026-09-29 23:45:55] [WARNING] DROWSINESS ALERT (0.4s)
[2026-09-29 23:45:55] [WARNING] DROWSINESS ALERT (0.5s)
[2026-09-29 23:45:55] [WARNING] DROWSINESS ALERT (0.6s)
[2026-09-29 23:46:03] [WARNING] DROWSINESS ALERT (0.0s)
[2026-09-29 23:46:03] [WARNING] DROWSINESS ALERT (0.1s)
[2026-09-29 23:46:03] [WARNING] DROWSINESS ALERT (0.2s)
[2026-09-29 23:46:03] [WARNING] DROWSINESS ALERT (0.3s)
[2026-09-29 23:46:03] [WARNING] DROWSINESS ALERT (0.4s)
[2026-09-29 23:46:04] [WARNING] DROWSINESS ALERT (0.5s)
[2026-09-29 23:46:04] [WARNING] DROWSINESS ALERT (0.6s)
[2026-09-29 23:46:04] [WARNING] DROWSINESS ALERT (0.7s)
[2026-09-29 23:47:33] [WARNING] YAWNING ALERT (0.0s)
[2026-09-29 23:47:33] [WARNING] YAWNING ALERT (0.1s)
[2026-09-29 23:47:33] [WARNING] YAWNING ALERT (0.2s)
[2026-09-29 23:47:34] [WARNING] YAWNING ALERT (0.3s)
[2026-09-29 23:47:34] [WARNING] YAWNING ALERT (0.4s)
[2026-09-29 23:47:34] [WARNING] YAWNING ALERT (0.5s)
[2026-09-29 23:47:34] [WARNING] YAWNING ALERT (2.9s)
[2026-09-29 23:47:34] [WARNING] YAWNING ALERT (2.8s)
[2026-09-29 23:47:34] [WARNING] YAWNING ALERT (2.7s)
[2026-09-29 23:47:34] [WARNING] YAWNING ALERT (2.6s)
[2026-09-29 23:47:34] [WARNING] YAWNING ALERT (2.5s)
[2026-09-29 23:47:34] [WARNING] YAWNING ALERT (2.4s)
[2026-09-29 23:47:34] [WARNING] YAWNING ALERT (2.3s)
[2026-09-29 23:47:35] [WARNING] YAWNING ALERT (2.2s)
[2026-09-29 23:47:35] [WARNING] YAWNING ALERT (2.1s)
[2026-09-29 23:47:35] [WARNING] YAWNING ALERT (2.0s)
[2026-09-29 23:47:35] [WARNING] YAWNING ALERT (1.9s)
[2026-09-29 23:47:35] [WARNING] YAWNING ALERT (1.8s)
[2026-09-29 23:47:35] [WARNING] YAWNING ALERT (1.7s)
[2026-09-29 23:47:35] [WARNING] YAWNING ALERT (1.6s)
[2026-09-29 23:47:35] [WARNING] YAWNING ALERT (1.5s)
[2026-09-29 23:47:35] [WARNING] YAWNING ALERT (1.4s)
[2026-09-29 23:47:35] [WARNING] YAWNING ALERT (1.3s)
[2026-09-29 23:47:35] [WARNING] YAWNING ALERT (1.2s)
[2026-09-29 23:47:36] [WARNING] YAWNING ALERT (1.1s)
[2026-09-29 23:47:36] [WARNING] YAWNING ALERT (1.0s)
[2026-09-29 23:47:36] [WARNING] YAWNING ALERT (0.9s)
[2026-09-29 23:47:36] [WARNING] YAWNING ALERT (0.8s)
[2026-09-29 23:47:36] [WARNING] YAWNING ALERT (0.7s)
[2026-09-29 23:47:36] [WARNING] YAWNING ALERT (0.6s)
[2026-09-29 23:47:36] [WARNING] YAWNING ALERT (0.5s)
[2026-09-29 23:47:36] [WARNING] YAWNING ALERT (0.4s)
[2026-09-29 23:47:36] [WARNING] YAWNING ALERT (0.3s)
[2026-09-29 23:47:37] [WARNING] YAWNING ALERT (0.2s)
[2026-09-29 23:47:37] [WARNING] YAWNING ALERT (0.0s)
[2026-09-29 23:47:43] [WARNING] DROWSINESS ALERT (0.0s)
[2026-09-29 23:47:43] [WARNING] DROWSINESS ALERT (0.1s)
[2026-09-29 23:47:43] [WARNING] DROWSINESS ALERT (0.2s)
[2026-09-29 23:47:43] [WARNING] DROWSINESS ALERT (0.3s)
[2026-09-29 23:47:43] [WARNING] DROWSINESS ALERT (0.4s)
[2026-09-29 23:47:50] [WARNING] BEHAVIOR ALERT: DRINK (0.0s)
[2026-09-29 23:47:50] [WARNING] BEHAVIOR ALERT: DRINK (0.1s)
[2026-09-29 23:47:50] [WARNING] BEHAVIOR ALERT: DRINK (0.2s)
[2026-09-29 23:47:50] [WARNING] BEHAVIOR ALERT: DRINK (0.3s)
[2026-09-29 23:47:50] [WARNING] BEHAVIOR ALERT: DRINK (0.4s)
[2026-09-29 23:47:50] [WARNING] BEHAVIOR ALERT: DRINK (0.5s)
[2026-09-29 23:47:50] [WARNING] BEHAVIOR ALERT: DRINK (0.6s)
[2026-09-29 23:47:53] [WARNING] DROWSINESS ALERT (0.0s)
[2026-09-29 23:47:53] [WARNING] DROWSINESS ALERT (0.1s)
[2026-09-29 23:47:53] [WARNING] DROWSINESS ALERT (0.2s)
[2026-09-29 23:47:54] [WARNING] DROWSINESS ALERT (0.3s)
[2026-09-29 23:47:54] [WARNING] DROWSINESS ALERT (0.4s)
[2026-09-29 23:47:54] [WARNING] DROWSINESS ALERT (0.5s)
[2026-09-29 23:47:54] [WARNING] DROWSINESS ALERT (0.6s)
[2026-09-29 23:47:54] [WARNING] DROWSINESS ALERT (0.7s)
[2026-09-29 23:47:54] [WARNING] DROWSINESS ALERT (0.8s)
[2026-09-29 23:47:54] [WARNING] DROWSINESS ALERT (1.0s)
[2026-09-29 23:47:58] [WARNING] DROWSINESS ALERT (0.0s)
[2026-09-29 23:47:58] [WARNING] DROWSINESS ALERT (0.1s)
[2026-09-29 23:47:58] [WARNING] DROWSINESS ALERT (0.2s)
[2026-09-29 23:47:58] [WARNING] DROWSINESS ALERT (0.3s)
[2026-09-29 23:47:58] [WARNING] DROWSINESS ALERT (0.5s)
[2026-09-29 23:47:58] [WARNING] DROWSINESS ALERT (0.6s)
[2026-09-29 23:47:59] [WARNING] DROWSINESS ALERT (0.7s)
[2026-09-29 23:47:59] [WARNING] DROWSINESS ALERT (0.8s)
[2026-09-29 23:48:44] [WARNING] YAWNING ALERT (0.0s)
[2026-09-29 23:48:44] [WARNING] YAWNING ALERT (0.1s)
[2026-09-29 23:48:44] [WARNING] YAWNING ALERT (0.2s)
[2026-09-29 23:48:44] [WARNING] YAWNING ALERT (0.3s)
[2026-09-29 23:48:44] [WARNING] YAWNING ALERT (0.4s)
[2026-09-29 23:48:44] [WARNING] YAWNING ALERT (0.5s)
[2026-09-29 23:48:45] [WARNING] YAWNING ALERT (0.6s)
[2026-09-29 23:48:45] [WARNING] YAWNING ALERT (0.7s)
[2026-09-29 23:48:45] [WARNING] YAWNING ALERT (0.8s)
[2026-09-29 23:48:45] [WARNING] YAWNING ALERT (0.9s)
[2026-09-29 23:48:45] [WARNING] YAWNING ALERT (2.9s)
[2026-09-29 23:48:45] [WARNING] YAWNING ALERT (2.8s)
[2026-09-29 23:48:45] [WARNING] YAWNING ALERT (2.7s)
[2026-09-29 23:48:45] [WARNING] YAWNING ALERT (2.6s)
[2026-09-29 23:48:45] [WARNING] YAWNING ALERT (2.5s)
[2026-09-29 23:48:46] [WARNING] YAWNING ALERT (2.4s)
[2026-09-29 23:48:46] [WARNING] YAWNING ALERT (2.3s)
[2026-09-29 23:48:46] [WARNING] YAWNING ALERT (2.2s)
[2026-09-29 23:48:46] [WARNING] YAWNING ALERT (2.1s)
[2026-09-29 23:48:46] [WARNING] YAWNING ALERT (2.0s)
[2026-09-29 23:48:46] [WARNING] YAWNING ALERT (1.9s)
[2026-09-29 23:48:46] [WARNING] YAWNING ALERT (1.8s)
[2026-09-29 23:48:46] [WARNING] YAWNING ALERT (1.7s)
[2026-09-29 23:48:46] [WARNING] YAWNING ALERT (1.6s)
[2026-09-29 23:48:46] [WARNING] YAWNING ALERT (1.5s)
[2026-09-29 23:48:46] [WARNING] YAWNING ALERT (1.4s)
[2026-09-29 23:48:47] [WARNING] YAWNING ALERT (1.3s)
[2026-09-29 23:48:47] [WARNING] YAWNING ALERT (1.2s)
[2026-09-29 23:48:47] [WARNING] YAWNING ALERT (1.1s)
[2026-09-29 23:48:47] [WARNING] YAWNING ALERT (1.0s)
[2026-09-29 23:48:47] [WARNING] YAWNING ALERT (0.9s)
[2026-09-29 23:48:47] [WARNING] YAWNING ALERT (0.8s)
[2026-09-29 23:48:47] [WARNING] YAWNING ALERT (0.7s)
[2026-09-29 23:48:47] [WARNING] YAWNING ALERT (0.6s)
[2026-09-29 23:48:47] [WARNING] YAWNING ALERT (0.5s)
[2026-09-29 23:48:47] [WARNING] YAWNING ALERT (0.4s)
[2026-09-29 23:48:48] [WARNING] YAWNING ALERT (0.3s)
[2026-09-29 23:48:48] [WARNING] YAWNING ALERT (0.2s)
[2026-09-29 23:48:48] [WARNING] YAWNING ALERT (0.1s)
[2026-09-29 23:48:51] [WARNING] DROWSINESS ALERT (0.0s)
[2026-09-29 23:48:51] [WARNING] DROWSINESS ALERT (0.1s)
[2026-09-29 23:48:51] [WARNING] DROWSINESS ALERT (0.2s)
[2026-09-29 23:48:51] [WARNING] DROWSINESS ALERT (0.3s)
[2026-09-29 23:48:51] [WARNING] DROWSINESS ALERT (0.4s)
[2026-09-29 23:48:51] [WARNING] DROWSINESS ALERT (0.5s)
[2026-09-29 23:48:51] [WARNING] DROWSINESS ALERT (0.6s)
[2026-09-29 23:48:51] [WARNING] DROWSINESS ALERT (0.7s)
[2026-09-29 23:48:51] [WARNING] DROWSINESS ALERT (0.8s)
[2026-09-29 23:48:55] [WARNING] BEHAVIOR ALERT: DRINK (0.0s)
[2026-09-29 23:48:55] [WARNING] BEHAVIOR ALERT: DRINK (0.1s)
[2026-09-29 23:48:55] [WARNING] BEHAVIOR ALERT: DRINK (0.2s)
[2026-09-29 23:48:55] [WARNING] BEHAVIOR ALERT: DRINK (0.4s)
[2026-09-29 23:48:55] [WARNING] BEHAVIOR ALERT: DRINK (0.5s)
[2026-09-29 23:48:55] [WARNING] BEHAVIOR ALERT: DRINK (0.6s)
[2026-09-29 23:48:56] [WARNING] BEHAVIOR ALERT: DRINK (0.7s)
[2026-09-29 23:48:56] [WARNING] BEHAVIOR ALERT: DRINK (0.8s)
[2026-09-29 23:48:56] [WARNING] BEHAVIOR ALERT: DRINK (0.9s)
[2026-09-29 23:48:56] [WARNING] BEHAVIOR ALERT: DRINK (1.0s)
[2026-09-29 23:48:56] [WARNING] BEHAVIOR ALERT: DRINK (1.1s)
[2026-09-29 23:48:58] [WARNING] BEHAVIOR ALERT: DRINK (0.0s)
[2026-09-29 23:48:59] [WARNING] BEHAVIOR ALERT: DRINK (0.0s)
[2026-09-29 23:49:05] [WARNING] BEHAVIOR ALERT: DRINK (0.0s)
[2026-09-29 23:49:05] [WARNING] BEHAVIOR ALERT: DRINK (0.1s)
[2026-09-29 23:49:05] [WARNING] BEHAVIOR ALERT: DRINK (0.2s)
[2026-09-29 23:49:05] [WARNING] BEHAVIOR ALERT: DRINK (0.3s)
[2026-09-29 23:49:05] [WARNING] BEHAVIOR ALERT: DRINK (0.4s)
[2026-09-29 23:49:05] [WARNING] BEHAVIOR ALERT: DRINK (0.5s)
[2026-09-29 23:49:08] [WARNING] BEHAVIOR ALERT: PHONE (0.0s)
[2026-09-29 23:49:09] [WARNING] BEHAVIOR ALERT: PHONE (0.0s)
[2026-09-29 23:49:09] [WARNING] BEHAVIOR ALERT: PHONE (0.1s)
[2026-09-29 23:49:09] [WARNING] BEHAVIOR ALERT: PHONE (0.3s)
[2026-09-29 23:49:09] [WARNING] BEHAVIOR ALERT: PHONE (0.4s)
[2026-09-29 23:49:10] [WARNING] BEHAVIOR ALERT: PHONE (0.0s)
[2026-09-29 23:49:12] [WARNING] BEHAVIOR ALERT: PHONE (0.0s)
[2026-09-29 23:49:12] [WARNING] BEHAVIOR ALERT: PHONE (0.1s)
[2026-09-29 23:49:12] [WARNING] BEHAVIOR ALERT: PHONE (0.2s)
[2026-09-29 23:49:12] [WARNING] BEHAVIOR ALERT: PHONE (0.3s)
[2026-09-29 23:49:13] [WARNING] BEHAVIOR ALERT: PHONE (0.4s)
[2026-09-29 23:50:42] [WARNING] DROWSINESS ALERT (0.0s)
[2026-09-29 23:50:43] [WARNING] DROWSINESS ALERT (0.1s)
[2026-09-29 23:50:51] [WARNING] DROWSINESS ALERT (0.0s)
[2026-09-29 23:50:51] [WARNING] DROWSINESS ALERT (0.1s)
[2026-09-29 23:50:51] [WARNING] DROWSINESS ALERT (0.2s)
[2026-10-03 14:06:31] [WARNING] BEHAVIOR ALERT: PHONE (0.0s)
[2026-10-03 14:06:31] [WARNING] BEHAVIOR ALERT: PHONE (0.1s)
[2026-10-03 14:06:31] [WARNING] BEHAVIOR ALERT: PHONE (0.2s)
[2026-10-03 14:06:34] [WARNING] BEHAVIOR ALERT: PHONE (0.0s)
[2026-10-03 14:06:34] [WARNING] BEHAVIOR ALERT: PHONE (0.1s)
[2026-10-03 14:06:34] [WARNING] BEHAVIOR ALERT: PHONE (0.2s)
[2026-10-03 14:06:34] [WARNING] BEHAVIOR ALERT: PHONE (0.3s)
[2026-10-03 14:06:34] [WARNING] BEHAVIOR ALERT: PHONE (0.4s)
[2026-10-03 14:06:35] [WARNING] BEHAVIOR ALERT: PHONE (0.5s)
[2026-10-03 14:06:35] [WARNING] BEHAVIOR ALERT: PHONE (0.6s)
[2026-10-03 14:06:35] [WARNING] BEHAVIOR ALERT: PHONE (0.7s)
[2026-10-03 14:06:35] [WARNING] BEHAVIOR ALERT: PHONE (0.8s)
[2026-10-03 14:06:35] [WARNING] BEHAVIOR ALERT: PHONE (0.9s)
[2026-10-03 14:06:35] [WARNING] BEHAVIOR ALERT: PHONE (1.0s)
[2026-10-03 14:06:35] [WARNING] BEHAVIOR ALERT: PHONE (1.1s)
[2026-10-03 14:06:35] [WARNING] BEHAVIOR ALERT: PHONE (1.2s)
[2026-10-03 14:06:35] [WARNING] BEHAVIOR ALERT: PHONE (1.3s)
[2026-10-03 14:06:35] [WARNING] BEHAVIOR ALERT: PHONE (1.4s)
[2026-10-03 14:06:36] [WARNING] BEHAVIOR ALERT: PHONE (1.5s)
[2026-10-03 14:06:36] [WARNING] BEHAVIOR ALERT: PHONE (1.6s)
[2026-10-03 14:06:36] [WARNING] BEHAVIOR ALERT: PHONE (1.7s)
[2026-10-03 14:06:36] [WARNING] BEHAVIOR ALERT: PHONE (1.8s)
[2026-10-03 14:06:36] [WARNING] BEHAVIOR ALERT: PHONE (1.9s)
[2026-10-03 14:06:36] [WARNING] BEHAVIOR ALERT: PHONE (2.0s)
[2026-10-03 14:06:36] [WARNING] BEHAVIOR ALERT: PHONE (2.1s)
[2026-10-03 14:06:36] [WARNING] BEHAVIOR ALERT: PHONE (2.2s)
[2026-10-03 14:06:36] [WARNING] BEHAVIOR ALERT: PHONE (2.3s)
[2026-10-03 14:06:36] [WARNING] BEHAVIOR ALERT: PHONE (2.4s)
[2026-10-03 14:06:37] [WARNING] BEHAVIOR ALERT: PHONE (2.5s)
[2026-10-03 14:06:37] [WARNING] BEHAVIOR ALERT: PHONE (2.6s)
[2026-10-03 14:06:37] [WARNING] BEHAVIOR ALERT: PHONE (2.7s)
[2026-10-03 14:06:37] [WARNING] BEHAVIOR ALERT: PHONE (2.8s)
[2026-10-03 14:06:37] [WARNING] BEHAVIOR ALERT: PHONE (2.9s)
[2026-10-03 14:06:37] [WARNING] BEHAVIOR ALERT: PHONE (3.0s)
[2026-10-03 14:06:37] [WARNING] BEHAVIOR ALERT: PHONE (3.1s)
[2026-10-03 14:06:37] [WARNING] BEHAVIOR ALERT: PHONE (3.2s)
[2026-10-03 14:06:38] [WARNING] BEHAVIOR ALERT: PHONE (0.0s)
[2026-10-03 14:06:38] [WARNING] BEHAVIOR ALERT: PHONE (0.1s)
[2026-10-03 14:06:40] [WARNING] BEHAVIOR ALERT: PHONE (0.0s)
[2026-10-03 14:06:42] [WARNING] BEHAVIOR ALERT: PHONE (0.0s)
[2026-10-03 14:06:44] [WARNING] BEHAVIOR ALERT: PHONE (0.0s)
[2026-10-03 14:06:44] [WARNING] BEHAVIOR ALERT: PHONE (0.1s)
[2026-10-03 14:06:44] [WARNING] BEHAVIOR ALERT: PHONE (0.0s)
[2026-10-03 14:06:44] [WARNING] BEHAVIOR ALERT: PHONE (0.1s)
[2026-10-03 14:06:45] [WARNING] BEHAVIOR ALERT: PHONE (0.2s)
[2026-10-03 14:06:45] [WARNING] BEHAVIOR ALERT: PHONE (0.3s)
[2026-10-03 14:06:45] [WARNING] BEHAVIOR ALERT: PHONE (0.4s)
[2026-10-03 14:06:45] [WARNING] BEHAVIOR ALERT: PHONE (0.5s)
[2026-10-03 14:09:48] [WARNING] BEHAVIOR ALERT: PHONE (0.0s)
[2026-10-03 14:09:48] [WARNING] BEHAVIOR ALERT: PHONE (0.1s)
[2026-10-03 14:09:48] [WARNING] BEHAVIOR ALERT: PHONE (0.2s)
[2026-10-03 14:09:48] [WARNING] BEHAVIOR ALERT: PHONE (0.3s)
[2026-10-03 14:09:48] [WARNING] BEHAVIOR ALERT: PHONE (0.4s)
[2026-10-03 14:09:48] [WARNING] BEHAVIOR ALERT: PHONE (0.5s)
[2026-10-03 14:09:48] [WARNING] BEHAVIOR ALERT: PHONE (0.6s)
[2026-10-03 14:09:48] [WARNING] BEHAVIOR ALERT: PHONE (0.7s)
[2026-10-03 14:09:48] [WARNING] BEHAVIOR ALERT: PHONE (0.8s)
[2026-10-03 14:09:49] [WARNING] BEHAVIOR ALERT: PHONE (0.9s)
[2026-10-03 14:09:49] [WARNING] BEHAVIOR ALERT: PHONE (1.0s)
[2026-10-03 14:09:49] [WARNING] BEHAVIOR ALERT: PHONE (1.1s)
[2026-10-03 14:09:49] [WARNING] BEHAVIOR ALERT: PHONE (1.2s)
[2026-10-03 14:09:49] [WARNING] BEHAVIOR ALERT: PHONE (1.3s)
[2026-10-03 14:09:49] [WARNING] BEHAVIOR ALERT: PHONE (1.4s)
[2026-10-03 14:09:49] [WARNING] BEHAVIOR ALERT: PHONE (1.5s)
[2026-10-03 14:09:49] [WARNING] BEHAVIOR ALERT: PHONE (1.6s)
[2026-10-03 14:09:49] [WARNING] BEHAVIOR ALERT: PHONE (1.7s)
[2026-10-03 14:09:49] [WARNING] BEHAVIOR ALERT: PHONE (1.8s)
[2026-10-03 14:09:50] [WARNING] BEHAVIOR ALERT: PHONE (1.9s)
[2026-10-03 14:09:50] [WARNING] BEHAVIOR ALERT: PHONE (2.0s)
[2026-10-03 14:09:50] [WARNING] BEHAVIOR ALERT: PHONE (2.1s)
[2026-10-03 14:12:36] [WARNING] YAWNING ALERT (0.0s)
[2026-10-03 14:12:36] [WARNING] YAWNING ALERT (0.1s)
[2026-10-03 14:12:36] [WARNING] YAWNING ALERT (0.2s)
[2026-10-03 14:12:36] [WARNING] YAWNING ALERT (0.3s)
[2026-10-03 14:12:36] [WARNING] YAWNING ALERT (0.4s)
[2026-10-03 14:12:37] [WARNING] YAWNING ALERT (0.5s)
[2026-10-03 14:12:37] [WARNING] YAWNING ALERT (0.6s)
[2026-10-03 14:12:37] [WARNING] YAWNING ALERT (0.7s)
[2026-10-03 14:12:37] [WARNING] YAWNING ALERT (0.8s)
[2026-10-03 14:12:37] [WARNING] YAWNING ALERT (0.9s)
[2026-10-03 14:12:37] [WARNING] YAWNING ALERT (1.0s)
[2026-10-03 14:12:37] [WARNING] YAWNING ALERT (1.1s)
[2026-10-03 14:12:37] [WARNING] YAWNING ALERT (1.2s)
[2026-10-03 14:12:37] [WARNING] YAWNING ALERT (1.3s)
[2026-10-03 14:12:38] [WARNING] YAWNING ALERT (1.4s)
[2026-10-03 14:12:38] [WARNING] YAWNING ALERT (2.9s)
[2026-10-03 14:12:38] [WARNING] YAWNING ALERT (2.8s)
[2026-10-03 14:12:38] [WARNING] YAWNING ALERT (2.7s)
[2026-10-03 14:12:38] [WARNING] YAWNING ALERT (2.6s)
[2026-10-03 14:12:38] [WARNING] YAWNING ALERT (2.5s)
[2026-10-03 14:12:38] [WARNING] YAWNING ALERT (2.4s)
[2026-10-03 14:12:38] [WARNING] YAWNING ALERT (2.3s)
[2026-10-03 14:12:38] [WARNING] YAWNING ALERT (2.2s)
[2026-10-03 14:12:38] [WARNING] YAWNING ALERT (2.1s)
[2026-10-03 14:12:39] [WARNING] YAWNING ALERT (2.0s)
[2026-10-03 14:12:39] [WARNING] YAWNING ALERT (1.9s)
[2026-10-03 14:12:39] [WARNING] YAWNING ALERT (1.8s)
[2026-10-03 14:12:39] [WARNING] YAWNING ALERT (1.7s)
[2026-10-03 14:12:39] [WARNING] YAWNING ALERT (1.6s)
[2026-10-03 14:12:39] [WARNING] YAWNING ALERT (1.5s)
[2026-10-03 14:12:39] [WARNING] YAWNING ALERT (1.4s)
[2026-10-03 14:12:39] [WARNING] YAWNING ALERT (1.3s)
[2026-10-03 14:12:39] [WARNING] YAWNING ALERT (1.2s)
[2026-10-03 14:12:39] [WARNING] YAWNING ALERT (1.1s)
[2026-10-03 14:12:39] [WARNING] YAWNING ALERT (1.0s)
[2026-10-03 14:12:40] [WARNING] YAWNING ALERT (0.9s)
[2026-10-03 14:12:40] [WARNING] YAWNING ALERT (0.8s)
[2026-10-03 14:12:40] [WARNING] YAWNING ALERT (0.7s)
[2026-10-03 14:12:40] [WARNING] YAWNING ALERT (0.6s)
[2026-10-03 14:12:40] [WARNING] YAWNING ALERT (0.5s)
[2026-10-03 14:12:40] [WARNING] YAWNING ALERT (0.4s)
[2026-10-03 14:12:40] [WARNING] YAWNING ALERT (0.3s)
[2026-10-03 14:12:40] [WARNING] YAWNING ALERT (0.2s)
[2026-10-03 14:12:40] [WARNING] YAWNING ALERT (0.1s)
[2026-10-03 14:12:40] [WARNING] YAWNING ALERT (0.0s)
[2026-10-03 14:12:49] [WARNING] YAWNING ALERT (0.0s)
[2026-10-03 14:12:49] [WARNING] YAWNING ALERT (0.1s)
[2026-10-03 14:12:49] [WARNING] YAWNING ALERT (0.2s)
[2026-10-03 14:12:49] [WARNING] YAWNING ALERT (0.3s)
[2026-10-03 14:12:49] [WARNING] YAWNING ALERT (0.4s)
[2026-10-03 14:12:49] [WARNING] YAWNING ALERT (0.5s)
[2026-10-03 14:12:49] [WARNING] YAWNING ALERT (0.6s)
[2026-10-03 14:12:49] [WARNING] YAWNING ALERT (0.7s)
[2026-10-03 14:12:49] [WARNING] YAWNING ALERT (0.8s)
[2026-10-03 14:12:49] [WARNING] YAWNING ALERT (0.9s)
[2026-10-03 14:12:50] [WARNING] YAWNING ALERT (2.9s)
[2026-10-03 14:12:50] [WARNING] YAWNING ALERT (2.8s)
[2026-10-03 14:12:50] [WARNING] YAWNING ALERT (2.7s)
[2026-10-03 14:12:50] [WARNING] YAWNING ALERT (2.6s)
[2026-10-03 14:12:50] [WARNING] YAWNING ALERT (2.5s)
[2026-10-03 14:12:50] [WARNING] YAWNING ALERT (2.4s)
[2026-10-03 14:12:50] [WARNING] YAWNING ALERT (2.3s)
[2026-10-03 14:12:50] [WARNING] YAWNING ALERT (2.2s)
[2026-10-03 14:12:50] [WARNING] YAWNING ALERT (2.1s)
[2026-10-03 14:12:50] [WARNING] YAWNING ALERT (2.0s)
[2026-10-03 14:12:51] [WARNING] YAWNING ALERT (1.9s)
[2026-10-03 14:12:51] [WARNING] YAWNING ALERT (1.8s)
[2026-10-03 14:12:51] [WARNING] YAWNING ALERT (1.7s)
[2026-10-03 14:12:51] [WARNING] YAWNING ALERT (1.6s)
[2026-10-03 14:12:51] [WARNING] YAWNING ALERT (1.5s)
[2026-10-03 14:12:51] [WARNING] YAWNING ALERT (1.4s)
[2026-10-03 14:12:51] [WARNING] YAWNING ALERT (1.3s)
[2026-10-03 14:12:51] [WARNING] YAWNING ALERT (1.2s)
[2026-10-03 14:12:51] [WARNING] YAWNING ALERT (1.1s)
[2026-10-03 14:12:51] [WARNING] YAWNING ALERT (1.0s)
[2026-10-03 14:12:52] [WARNING] YAWNING ALERT (0.9s)
[2026-10-03 14:12:52] [WARNING] YAWNING ALERT (0.8s)
[2026-10-03 14:12:52] [WARNING] YAWNING ALERT (0.7s)
[2026-10-03 14:12:52] [WARNING] YAWNING ALERT (0.6s)
[2026-10-03 14:12:52] [WARNING] YAWNING ALERT (0.5s)
[2026-10-03 14:12:52] [WARNING] YAWNING ALERT (0.4s)
[2026-10-03 14:12:52] [WARNING] YAWNING ALERT (0.3s)
[2026-10-03 14:12:52] [WARNING] YAWNING ALERT (0.2s)
[2026-10-03 14:12:52] [WARNING] YAWNING ALERT (0.1s)
[2026-10-03 14:12:53] [WARNING] YAWNING ALERT (0.0s)
[2026-10-03 14:12:53] [WARNING] YAWNING ALERT (2.9s)
[2026-10-03 14:12:53] [WARNING] YAWNING ALERT (2.8s)
[2026-10-03 14:12:53] [WARNING] YAWNING ALERT (2.7s)
[2026-10-03 14:12:53] [WARNING] YAWNING ALERT (2.6s)
[2026-10-03 14:12:54] [WARNING] YAWNING ALERT (2.5s)
[2026-10-03 14:12:54] [WARNING] YAWNING ALERT (2.4s)
[2026-10-03 14:12:54] [WARNING] YAWNING ALERT (2.3s)
[2026-10-03 14:12:54] [WARNING] YAWNING ALERT (2.2s)
[2026-10-03 14:12:54] [WARNING] YAWNING ALERT (2.1s)
[2026-10-03 14:12:54] [WARNING] YAWNING ALERT (2.0s)
[2026-10-03 14:12:54] [WARNING] YAWNING ALERT (1.9s)
[2026-10-03 14:12:54] [WARNING] YAWNING ALERT (1.8s)
[2026-10-03 14:12:54] [WARNING] YAWNING ALERT (1.7s)
[2026-10-03 14:12:54] [WARNING] YAWNING ALERT (1.6s)
[2026-10-03 14:12:55] [WARNING] YAWNING ALERT (1.5s)
[2026-10-03 14:12:55] [WARNING] YAWNING ALERT (1.4s)
[2026-10-03 14:12:55] [WARNING] YAWNING ALERT (1.3s)
[2026-10-03 14:12:55] [WARNING] YAWNING ALERT (1.2s)
[2026-10-03 14:12:55] [WARNING] YAWNING ALERT (1.1s)
[2026-10-03 14:12:55] [WARNING] YAWNING ALERT (1.0s)
[2026-10-03 14:12:55] [WARNING] YAWNING ALERT (0.9s)
[2026-10-03 14:12:55] [WARNING] YAWNING ALERT (0.6s)
[2026-10-03 14:12:56] [WARNING] YAWNING ALERT (0.5s)
[2026-10-03 14:12:56] [WARNING] YAWNING ALERT (0.4s)
[2026-10-03 14:12:56] [WARNING] YAWNING ALERT (0.3s)
[2026-10-03 14:12:56] [WARNING] YAWNING ALERT (0.2s)
[2026-10-03 14:12:56] [WARNING] YAWNING ALERT (0.1s)
[2026-10-03 14:12:56] [WARNING] YAWNING ALERT (0.0s)
[2026-10-03 14:45:34] [WARNING] WARNING: HIGHWAY HYPNOSIS (No blinks > 15s)
[2026-10-03 14:45:34] [WARNING] WARNING: HIGH STRESS / ANGER DETECTED
[2026-10-03 14:45:34] [WARNING] WARNING: HIGHWAY HYPNOSIS (No blinks > 15s)
[2026-10-03 14:45:34] [WARNING] WARNING: HIGH STRESS / ANGER DETECTED
[2026-10-03 14:45:35] [WARNING] WARNING: HIGHWAY HYPNOSIS (No blinks > 15s)
[2026-10-03 14:45:35] [WARNING] WARNING: HIGH STRESS / ANGER DETECTED
[2026-10-03 14:45:35] [WARNING] WARNING: HIGHWAY HYPNOSIS (No blinks > 15s)
[2026-10-03 14:45:35] [WARNING] WARNING: HIGH STRESS / ANGER DETECTED
[2026-10-03 14:45:36] [WARNING] WARNING: HIGHWAY HYPNOSIS (No blinks > 15s)
[2026-10-03 14:45:36] [WARNING] WARNING: HIGH STRESS / ANGER DETECTED
[2026-10-03 14:45:36] [WARNING] FACE COVERING ALERT (0.0s)
[2026-10-03 14:45:37] [WARNING] WARNING: HIGHWAY HYPNOSIS (No blinks > 15s)
[2026-10-03 14:45:37] [WARNING] WARNING: HIGH STRESS / ANGER DETECTED
[2026-10-03 14:45:46] [WARNING] WARNING: HIGH STRESS / ANGER DETECTED
[2026-10-03 14:45:56] [WARNING] DROWSINESS ALERT (0.5s)
[2026-10-03 14:45:56] [WARNING] CRITICAL ALERT: MICRO-SLEEP DETECTED
[2026-10-03 14:45:56] [CRITICAL] CRITICAL ALERT: MICRO-SLEEP DETECTED
[2026-10-03 14:45:56] [CRITICAL] Dispatching emergency SMS to 1 contact(s)...
[2026-10-03 14:45:56] [INFO] [SIMULATED SMS] To: Emergency Helpline (+18005550199) | Body:
[DMS CRITICAL ALERT] Driver requires immediate attention!
Event: CRITICAL ALERT: MICRO-SLEEP DETECTED
Timestamp: 2026-10-03 14:45:56
Please verify driver safety immediately.
[2026-10-03 14:45:57] [WARNING] DROWSINESS ALERT (0.6s)
[2026-10-03 14:45:59] [WARNING] DROWSINESS ALERT (0.6s)
[2026-10-03 14:45:59] [WARNING] CRITICAL ALERT: MICRO-SLEEP DETECTED
[2026-10-03 14:45:59] [CRITICAL] CRITICAL ALERT: MICRO-SLEEP DETECTED
[2026-10-03 14:46:00] [WARNING] DROWSINESS ALERT (0.1s)
[2026-10-03 14:46:00] [WARNING] DROWSINESS ALERT (0.2s)
[2026-10-03 14:46:01] [WARNING] DROWSINESS ALERT (0.3s)
[2026-10-03 14:46:01] [WARNING] DROWSINESS ALERT (0.4s)
[2026-10-03 14:46:01] [WARNING] DROWSINESS ALERT (0.5s)
[2026-10-03 14:46:01] [WARNING] DROWSINESS ALERT (0.6s)
[2026-10-03 14:46:01] [WARNING] CRITICAL ALERT: MICRO-SLEEP DETECTED
[2026-10-03 14:46:01] [CRITICAL] CRITICAL ALERT: MICRO-SLEEP DETECTED
[2026-10-03 14:46:01] [WARNING] DROWSINESS ALERT (0.7s)
[2026-10-03 14:46:01] [WARNING] DROWSINESS ALERT (0.8s)
[2026-10-03 14:46:01] [WARNING] DROWSINESS ALERT (0.9s)
[2026-10-03 14:46:01] [WARNING] DROWSINESS ALERT (0.0s)
[2026-10-03 14:46:02] [WARNING] DROWSINESS ALERT (0.1s)
[2026-10-03 14:46:02] [WARNING] DROWSINESS ALERT (0.2s)
[2026-10-03 14:46:02] [WARNING] DROWSINESS ALERT (0.0s)
[2026-10-03 14:46:06] [WARNING] FACE COVERING ALERT (0.0s)
[2026-10-03 14:46:06] [WARNING] FACE COVERING ALERT (0.1s)
[2026-10-03 14:46:06] [WARNING] FACE COVERING ALERT (0.2s)
[2026-10-03 14:46:06] [WARNING] FACE COVERING ALERT (0.3s)
[2026-10-03 14:46:06] [WARNING] FACE COVERING ALERT (0.4s)
[2026-10-03 14:46:06] [WARNING] FACE COVERING ALERT (0.5s)
[2026-10-03 14:46:09] [WARNING] DROWSINESS ALERT (0.1s)
[2026-10-03 14:46:09] [WARNING] DROWSINESS ALERT (0.0s)
[2026-10-03 14:46:10] [WARNING] DROWSINESS ALERT (0.0s)
[2026-10-03 14:46:10] [WARNING] DROWSINESS ALERT (0.1s)
[2026-10-03 14:46:10] [WARNING] DROWSINESS ALERT (0.0s)
[2026-10-03 14:46:11] [WARNING] DROWSINESS ALERT (0.1s)
[2026-10-03 14:46:11] [WARNING] DROWSINESS ALERT (0.2s)
[2026-10-03 14:46:11] [WARNING] DROWSINESS ALERT (0.0s)
[2026-10-03 14:46:32] [WARNING] WARNING: HIGH STRESS / ANGER DETECTED
[2026-10-03 14:46:32] [WARNING] WARNING: HIGH STRESS / ANGER DETECTED
[2026-10-03 14:46:32] [WARNING] WARNING: HIGH STRESS / ANGER DETECTED
[2026-10-03 14:46:33] [WARNING] DROWSINESS ALERT (0.4s)
[2026-10-03 14:46:33] [WARNING] DROWSINESS ALERT (0.5s)
[2026-10-03 14:46:33] [WARNING] DROWSINESS ALERT (0.0s)
[2026-10-03 14:46:34] [WARNING] DROWSINESS ALERT (0.1s)
[2026-10-03 14:46:34] [WARNING] DROWSINESS ALERT (0.0s)
[2026-10-03 14:46:35] [WARNING] DROWSINESS ALERT (0.1s)
[2026-10-03 14:46:35] [WARNING] DROWSINESS ALERT (0.0s)
[2026-10-03 14:46:35] [WARNING] DROWSINESS ALERT (0.1s)
[2026-10-03 14:46:35] [WARNING] DROWSINESS ALERT (0.0s)
[2026-10-03 14:46:35] [WARNING] WARNING: HIGH STRESS / ANGER DETECTED
[2026-10-03 14:46:36] [WARNING] DROWSINESS ALERT (0.1s)
[2026-10-03 14:46:36] [WARNING] DROWSINESS ALERT (0.0s)
[2026-10-03 14:46:37] [WARNING] DROWSINESS ALERT (0.1s)
[2026-10-03 14:46:37] [WARNING] DROWSINESS ALERT (0.0s)
[2026-10-03 14:46:37] [WARNING] DROWSINESS ALERT (0.1s)
[2026-10-03 14:46:38] [WARNING] DROWSINESS ALERT (0.0s)
[2026-10-03 14:46:39] [WARNING] DROWSINESS ALERT (0.1s)
[2026-10-03 14:46:39] [WARNING] DROWSINESS ALERT (0.2s)
[2026-10-03 14:46:39] [WARNING] DROWSINESS ALERT (0.0s)
[2026-10-03 14:46:39] [WARNING] DROWSINESS ALERT (0.1s)
[2026-10-03 14:46:39] [WARNING] DROWSINESS ALERT (0.0s)
[2026-10-03 14:46:40] [WARNING] DROWSINESS ALERT (0.0s)
[2026-10-03 14:46:40] [WARNING] WARNING: HIGH STRESS / ANGER DETECTED
[2026-10-03 14:46:40] [WARNING] DROWSINESS ALERT (0.0s)
[2026-10-03 14:46:40] [WARNING] WARNING: HIGH STRESS / ANGER DETECTED
[2026-10-03 14:46:41] [WARNING] DROWSINESS ALERT (0.1s)
[2026-10-03 14:46:41] [WARNING] DROWSINESS ALERT (0.2s)
[2026-10-03 14:46:41] [WARNING] DROWSINESS ALERT (0.3s)
[2026-10-03 14:46:41] [WARNING] DROWSINESS ALERT (0.4s)
[2026-10-03 14:46:41] [WARNING] DROWSINESS ALERT (0.0s)
[2026-10-03 14:46:41] [WARNING] DROWSINESS ALERT (0.0s)
[2026-10-03 14:46:41] [WARNING] WARNING: HIGH STRESS / ANGER DETECTED
[2026-10-03 14:46:43] [WARNING] DROWSINESS ALERT (0.0s)
[2026-10-03 14:46:43] [WARNING] WARNING: HIGH STRESS / ANGER DETECTED
[2026-10-03 14:46:43] [WARNING] DROWSINESS ALERT (0.0s)
[2026-10-03 14:46:43] [WARNING] WARNING: HIGH STRESS / ANGER DETECTED
[2026-10-03 14:46:43] [WARNING] DROWSINESS ALERT (0.1s)
[2026-10-03 14:46:43] [WARNING] DROWSINESS ALERT (0.2s)
[2026-10-03 14:46:44] [WARNING] DROWSINESS ALERT (0.3s)
[2026-10-03 14:46:44] [WARNING] FACE COVERING ALERT (0.0s)
[2026-10-03 14:46:44] [WARNING] DROWSINESS ALERT (0.4s)
[2026-10-03 14:46:44] [WARNING] FACE COVERING ALERT (0.1s)
[2026-10-03 14:46:44] [WARNING] DROWSINESS ALERT (0.5s)
[2026-10-03 14:46:44] [WARNING] FACE COVERING ALERT (0.2s)
[2026-10-03 14:46:44] [WARNING] DROWSINESS ALERT (0.6s)
[2026-10-03 14:46:44] [WARNING] CRITICAL ALERT: MICRO-SLEEP DETECTED
[2026-10-03 14:46:44] [CRITICAL] CRITICAL ALERT: MICRO-SLEEP DETECTED
[2026-10-03 14:46:44] [WARNING] FACE COVERING ALERT (0.3s)
[2026-10-03 14:46:44] [WARNING] DROWSINESS ALERT (0.0s)
[2026-10-03 14:46:45] [WARNING] DROWSINESS ALERT (0.3s)
[2026-10-03 14:46:45] [WARNING] WARNING: HIGH STRESS / ANGER DETECTED
[2026-10-03 14:46:45] [WARNING] DROWSINESS ALERT (0.0s)
[2026-10-03 14:46:45] [WARNING] DROWSINESS ALERT (0.1s)
[2026-10-03 14:46:45] [WARNING] DROWSINESS ALERT (0.2s)
[2026-10-03 14:46:45] [WARNING] DROWSINESS ALERT (0.3s)
[2026-10-03 14:46:45] [WARNING] DROWSINESS ALERT (0.4s)
[2026-10-03 14:46:46] [WARNING] DROWSINESS ALERT (0.5s)
[2026-10-03 14:46:46] [WARNING] CRITICAL ALERT: MICRO-SLEEP DETECTED
[2026-10-03 14:46:46] [CRITICAL] CRITICAL ALERT: MICRO-SLEEP DETECTED
[2026-10-03 14:46:46] [WARNING] DROWSINESS ALERT (0.6s)
[2026-10-03 14:46:46] [WARNING] DROWSINESS ALERT (0.7s)
[2026-10-03 14:46:46] [WARNING] DROWSINESS ALERT (0.0s)
[2026-10-03 14:46:46] [WARNING] FACE COVERING ALERT (0.0s)
[2026-10-03 14:46:46] [WARNING] FACE COVERING ALERT (0.1s)
[2026-10-03 14:46:46] [WARNING] FACE COVERING ALERT (0.2s)
[2026-10-03 14:46:46] [WARNING] FACE COVERING ALERT (0.3s)
[2026-10-03 14:46:47] [WARNING] DROWSINESS ALERT (0.1s)
[2026-10-03 14:46:47] [WARNING] DROWSINESS ALERT (0.0s)
[2026-10-03 14:46:47] [WARNING] DROWSINESS ALERT (0.1s)
[2026-10-03 14:46:47] [WARNING] DROWSINESS ALERT (0.0s)
[2026-10-03 14:46:48] [WARNING] DROWSINESS ALERT (0.1s)
[2026-10-03 14:46:48] [WARNING] DROWSINESS ALERT (0.2s)
[2026-10-03 14:46:48] [WARNING] DROWSINESS ALERT (0.3s)
[2026-10-03 14:46:48] [WARNING] DROWSINESS ALERT (0.0s)
[2026-10-03 14:46:49] [WARNING] DROWSINESS ALERT (0.1s)
[2026-10-03 14:46:49] [WARNING] DROWSINESS ALERT (0.2s)
[2026-10-03 14:46:49] [WARNING] DROWSINESS ALERT (0.3s)
[2026-10-03 14:46:49] [WARNING] DROWSINESS ALERT (0.4s)
[2026-10-03 14:46:50] [WARNING] DROWSINESS ALERT (0.5s)
[2026-10-03 14:46:50] [WARNING] CRITICAL ALERT: MICRO-SLEEP DETECTED
[2026-10-03 14:46:50] [CRITICAL] CRITICAL ALERT: MICRO-SLEEP DETECTED
[2026-10-03 14:46:50] [WARNING] DROWSINESS ALERT (0.6s)
[2026-10-03 14:46:50] [WARNING] DROWSINESS ALERT (0.0s)
[2026-10-03 14:46:50] [WARNING] DROWSINESS ALERT (0.1s)
[2026-10-03 14:46:50] [WARNING] DROWSINESS ALERT (0.2s)
[2026-10-03 14:46:50] [WARNING] DROWSINESS ALERT (0.0s)
[2026-10-05 17:13:48] [WARNING] WARNING: HIGH STRESS / ANGER DETECTED
[2026-10-05 17:14:50] [WARNING] WARNING: HIGHWAY HYPNOSIS (No blinks > 15s)
[2026-10-05 17:15:08] [WARNING] WARNING: HIGHWAY HYPNOSIS (No blinks > 15s)
[2026-10-05 17:15:24] [WARNING] WARNING: HIGHWAY HYPNOSIS (No blinks > 15s)
[2026-10-05 17:15:24] [WARNING] WARNING: HIGH STRESS / ANGER DETECTED
[2026-10-05 17:15:24] [WARNING] WARNING: HIGHWAY HYPNOSIS (No blinks > 15s)
[2026-10-05 17:15:24] [WARNING] WARNING: HIGH STRESS / ANGER DETECTED
[2026-10-05 17:15:24] [WARNING] WARNING: HIGHWAY HYPNOSIS (No blinks > 15s)
[2026-10-05 17:15:24] [WARNING] WARNING: HIGH STRESS / ANGER DETECTED
[2026-10-05 17:15:25] [WARNING] WARNING: HIGHWAY HYPNOSIS (No blinks > 15s)
[2026-10-05 17:15:25] [WARNING] WARNING: HIGH STRESS / ANGER DETECTED
[2026-10-05 17:15:25] [WARNING] WARNING: HIGHWAY HYPNOSIS (No blinks > 15s)
[2026-10-05 17:15:25] [WARNING] WARNING: HIGH STRESS / ANGER DETECTED
[2026-10-05 17:15:25] [WARNING] WARNING: HIGHWAY HYPNOSIS (No blinks > 15s)
[2026-10-05 17:15:25] [WARNING] WARNING: HIGH STRESS / ANGER DETECTED
[2026-10-05 17:15:26] [WARNING] WARNING: HIGHWAY HYPNOSIS (No blinks > 15s)
[2026-10-05 17:15:26] [WARNING] WARNING: HIGH STRESS / ANGER DETECTED
[2026-10-05 17:15:27] [WARNING] WARNING: HIGHWAY HYPNOSIS (No blinks > 15s)
[2026-10-05 17:15:27] [WARNING] WARNING: HIGH STRESS / ANGER DETECTED
[2026-10-05 17:15:27] [WARNING] WARNING: HIGHWAY HYPNOSIS (No blinks > 15s)
[2026-10-05 17:15:27] [WARNING] WARNING: HIGH STRESS / ANGER DETECTED
[2026-10-05 17:15:28] [WARNING] WARNING: HIGHWAY HYPNOSIS (No blinks > 15s)
[2026-10-05 17:15:28] [WARNING] WARNING: HIGH STRESS / ANGER DETECTED
[2026-10-05 17:15:28] [WARNING] WARNING: HIGHWAY HYPNOSIS (No blinks > 15s)
[2026-10-05 17:15:28] [WARNING] WARNING: HIGH STRESS / ANGER DETECTED
[2026-10-05 17:15:28] [WARNING] WARNING: HIGHWAY HYPNOSIS (No blinks > 15s)
[2026-10-05 17:15:28] [WARNING] WARNING: HIGH STRESS / ANGER DETECTED
[2026-10-05 17:15:35] [WARNING] DROWSINESS ALERT (0.6s)
[2026-10-05 17:15:35] [WARNING] CRITICAL ALERT: MICRO-SLEEP DETECTED
[2026-10-05 17:15:35] [CRITICAL] CRITICAL ALERT: MICRO-SLEEP DETECTED
[2026-10-05 17:15:35] [CRITICAL] Dispatching emergency SMS to 1 contact(s)...
[2026-10-05 17:15:35] [INFO] [SIMULATED SMS] To: Emergency Helpline (+18005550199) | Body:
[DMS CRITICAL ALERT] Driver requires immediate attention!
Event: CRITICAL ALERT: MICRO-SLEEP DETECTED
Timestamp: 2026-10-05 17:15:35
Please verify driver safety immediately.
[2026-10-05 17:15:35] [WARNING] DROWSINESS ALERT (0.7s)
[2026-10-05 17:15:51] [WARNING] WARNING: HIGH STRESS / ANGER DETECTED
[2026-10-05 17:16:07] [WARNING] WARNING: HIGHWAY HYPNOSIS (No blinks > 15s)
[2026-10-05 17:16:07] [WARNING] WARNING: HIGH STRESS / ANGER DETECTED
[2026-10-05 17:16:21] [WARNING] DROWSINESS ALERT (0.6s)
[2026-10-05 17:16:21] [WARNING] CRITICAL ALERT: MICRO-SLEEP DETECTED
[2026-10-05 17:16:21] [CRITICAL] CRITICAL ALERT: MICRO-SLEEP DETECTED
[2026-10-05 17:16:21] [WARNING] DROWSINESS ALERT (0.7s)
[2026-10-05 17:16:21] [WARNING] DROWSINESS ALERT (0.8s)
[2026-10-05 17:16:21] [WARNING] DROWSINESS ALERT (0.9s)
[2026-10-05 17:16:21] [WARNING] DROWSINESS ALERT (1.0s)
[2026-10-05 17:16:21] [WARNING] DROWSINESS ALERT (1.1s)
[2026-10-05 17:16:21] [WARNING] DROWSINESS ALERT (1.2s)
[2026-10-05 17:16:21] [WARNING] DROWSINESS ALERT (1.3s)
[2026-10-05 17:16:22] [WARNING] DROWSINESS ALERT (1.4s)
[2026-10-05 17:16:22] [WARNING] DROWSINESS ALERT (1.5s)
[2026-10-05 17:16:22] [WARNING] DROWSINESS ALERT (1.6s)
[2026-10-05 17:16:22] [WARNING] DROWSINESS ALERT (1.7s)
[2026-10-05 17:16:22] [WARNING] DROWSINESS ALERT (1.8s)
[2026-10-05 17:16:22] [WARNING] DROWSINESS ALERT (1.9s)
[2026-10-05 17:16:22] [WARNING] DROWSINESS ALERT (2.0s)
[2026-10-05 17:16:22] [WARNING] DROWSINESS ALERT (2.1s)
[2026-10-05 17:16:22] [WARNING] DROWSINESS ALERT (0.0s)
[2026-10-05 17:16:23] [WARNING] DROWSINESS ALERT (0.1s)
[2026-10-05 17:16:23] [WARNING] DROWSINESS ALERT (0.2s)
[2026-10-05 17:16:23] [WARNING] DROWSINESS ALERT (0.0s)
[2026-10-05 17:16:23] [WARNING] DROWSINESS ALERT (0.1s)
[2026-10-05 17:16:23] [WARNING] DROWSINESS ALERT (0.2s)
[2026-10-05 17:16:23] [WARNING] DROWSINESS ALERT (0.3s)
[2026-10-05 17:16:23] [WARNING] DROWSINESS ALERT (0.4s)
[2026-10-05 17:16:23] [WARNING] DROWSINESS ALERT (0.5s)
[2026-10-05 17:16:24] [WARNING] DROWSINESS ALERT (0.6s)
[2026-10-05 17:16:24] [WARNING] CRITICAL ALERT: MICRO-SLEEP DETECTED
[2026-10-05 17:16:24] [CRITICAL] CRITICAL ALERT: MICRO-SLEEP DETECTED
[2026-10-05 17:16:24] [WARNING] DROWSINESS ALERT (0.0s)
[2026-10-05 17:16:41] [WARNING] DROWSINESS ALERT (0.0s)
[2026-10-05 17:16:41] [WARNING] WARNING: HIGH STRESS / ANGER DETECTED
[2026-10-05 17:16:41] [WARNING] DROWSINESS ALERT (0.1s)
[2026-10-05 17:16:41] [WARNING] DROWSINESS ALERT (0.2s)
[2026-10-05 17:16:41] [WARNING] DROWSINESS ALERT (0.3s)
[2026-10-05 17:16:41] [WARNING] DROWSINESS ALERT (0.4s)
[2026-10-05 17:16:41] [WARNING] DROWSINESS ALERT (0.5s)
[2026-10-05 17:16:42] [WARNING] CRITICAL ALERT: MICRO-SLEEP DETECTED
[2026-10-05 17:16:42] [CRITICAL] CRITICAL ALERT: MICRO-SLEEP DETECTED
[2026-10-05 17:16:42] [CRITICAL] Dispatching emergency SMS to 1 contact(s)...
[2026-10-05 17:16:42] [INFO] [SIMULATED SMS] To: Emergency Helpline (+18005550199) | Body:
[DMS CRITICAL ALERT] Driver requires immediate attention!
Event: CRITICAL ALERT: MICRO-SLEEP DETECTED
Timestamp: 2026-10-05 17:16:42
Please verify driver safety immediately.
[2026-10-05 17:16:42] [WARNING] DROWSINESS ALERT (0.6s)
[2026-10-05 17:16:42] [WARNING] DROWSINESS ALERT (0.7s)
[2026-10-05 17:16:42] [WARNING] DROWSINESS ALERT (0.0s)
[2026-10-05 17:16:42] [WARNING] DROWSINESS ALERT (0.1s)
[2026-10-05 17:16:42] [WARNING] DROWSINESS ALERT (0.2s)
[2026-10-05 17:16:42] [WARNING] DROWSINESS ALERT (0.3s)
[2026-10-05 17:16:42] [WARNING] DROWSINESS ALERT (0.4s)
[2026-10-05 17:16:42] [WARNING] DROWSINESS ALERT (0.5s)
[2026-10-05 17:16:42] [WARNING] CRITICAL ALERT: MICRO-SLEEP DETECTED
[2026-10-05 17:16:42] [CRITICAL] CRITICAL ALERT: MICRO-SLEEP DETECTED
[2026-10-05 17:16:43] [WARNING] DROWSINESS ALERT (0.6s)
[2026-10-05 17:16:43] [WARNING] DROWSINESS ALERT (0.7s)
[2026-10-05 17:16:43] [WARNING] DROWSINESS ALERT (0.8s)
[2026-10-05 17:16:43] [WARNING] DROWSINESS ALERT (0.9s)
[2026-10-05 17:16:43] [WARNING] DROWSINESS ALERT (1.0s)
[2026-10-05 17:16:43] [WARNING] DROWSINESS ALERT (1.1s)
[2026-10-05 17:16:43] [WARNING] DROWSINESS ALERT (1.2s)
[2026-10-05 17:16:43] [WARNING] DROWSINESS ALERT (1.3s)
[2026-10-05 17:16:43] [WARNING] DROWSINESS ALERT (0.0s)
[2026-10-05 17:16:43] [WARNING] DROWSINESS ALERT (0.1s)
[2026-10-05 17:16:43] [WARNING] DROWSINESS ALERT (0.2s)
[2026-10-05 17:16:44] [WARNING] DROWSINESS ALERT (0.3s)
[2026-10-05 17:16:44] [WARNING] DROWSINESS ALERT (0.4s)
[2026-10-05 17:16:44] [WARNING] DROWSINESS ALERT (0.5s)
[2026-10-05 17:16:44] [WARNING] CRITICAL ALERT: MICRO-SLEEP DETECTED
[2026-10-05 17:16:44] [CRITICAL] CRITICAL ALERT: MICRO-SLEEP DETECTED
[2026-10-05 17:16:44] [WARNING] DROWSINESS ALERT (0.6s)
[2026-10-05 17:16:44] [WARNING] DROWSINESS ALERT (0.0s)
[2026-10-05 17:16:45] [WARNING] DROWSINESS ALERT (0.1s)
[2026-10-05 17:16:45] [WARNING] DROWSINESS ALERT (0.2s)
[2026-10-05 17:16:45] [WARNING] DROWSINESS ALERT (0.3s)
[2026-10-05 17:16:45] [WARNING] DROWSINESS ALERT (0.4s)
[2026-10-05 17:16:45] [WARNING] DROWSINESS ALERT (0.5s)
[2026-10-05 17:16:45] [WARNING] DROWSINESS ALERT (0.6s)
[2026-10-05 17:16:45] [WARNING] CRITICAL ALERT: MICRO-SLEEP DETECTED
[2026-10-05 17:16:45] [CRITICAL] CRITICAL ALERT: MICRO-SLEEP DETECTED
[2026-10-05 17:16:45] [WARNING] DROWSINESS ALERT (0.7s)
[2026-10-05 17:16:45] [WARNING] DROWSINESS ALERT (0.8s)
[2026-10-05 17:16:46] [WARNING] DROWSINESS ALERT (0.9s)
[2026-10-05 17:16:46] [WARNING] DROWSINESS ALERT (1.0s)
[2026-10-05 17:16:46] [WARNING] DROWSINESS ALERT (1.1s)
[2026-10-05 17:16:46] [WARNING] DROWSINESS ALERT (1.2s)
[2026-10-05 17:16:46] [WARNING] DROWSINESS ALERT (1.3s)
[2026-10-05 17:16:46] [WARNING] DROWSINESS ALERT (1.4s)
[2026-10-05 17:16:46] [WARNING] DROWSINESS ALERT (1.5s)
[2026-10-05 17:16:46] [WARNING] DROWSINESS ALERT (1.6s)
[2026-10-05 17:16:46] [WARNING] DROWSINESS ALERT (1.7s)
[2026-10-05 17:16:46] [WARNING] DROWSINESS ALERT (1.8s)
[2026-10-05 17:16:47] [WARNING] DROWSINESS ALERT (1.9s)
[2026-10-05 17:16:47] [WARNING] DROWSINESS ALERT (2.0s)
[2026-10-05 17:16:47] [WARNING] DROWSINESS ALERT (2.1s)
[2026-10-05 17:16:47] [WARNING] DROWSINESS ALERT (2.2s)
[2026-10-05 17:16:47] [WARNING] DROWSINESS ALERT (2.3s)
[2026-10-05 17:16:47] [WARNING] DROWSINESS ALERT (2.4s)
[2026-10-05 17:16:47] [WARNING] DROWSINESS ALERT (2.5s)
[2026-10-05 17:16:47] [WARNING] DROWSINESS ALERT (2.6s)
[2026-10-05 17:16:47] [WARNING] DROWSINESS ALERT (2.7s)
[2026-10-05 17:16:47] [WARNING] DROWSINESS ALERT (2.8s)
[2026-10-05 17:16:48] [WARNING] DROWSINESS ALERT (2.9s)
[2026-10-05 17:16:48] [WARNING] DROWSINESS ALERT (3.0s)
[2026-10-05 17:16:48] [WARNING] DROWSINESS ALERT (3.1s)
[2026-10-05 17:16:48] [WARNING] DROWSINESS ALERT (3.2s)
[2026-10-05 17:16:48] [WARNING] DROWSINESS ALERT (3.3s)
[2026-10-05 17:16:48] [WARNING] DROWSINESS ALERT (3.4s)
[2026-10-05 17:16:48] [WARNING] DROWSINESS ALERT (3.5s)
[2026-10-05 17:16:48] [WARNING] DROWSINESS ALERT (3.6s)
[2026-10-05 17:16:48] [WARNING] DROWSINESS ALERT (3.7s)
[2026-10-05 17:16:48] [WARNING] DROWSINESS ALERT (3.8s)
[2026-10-05 17:16:49] [WARNING] DROWSINESS ALERT (3.9s)
[2026-10-05 17:16:49] [WARNING] DROWSINESS ALERT (4.0s)
[2026-10-05 17:16:49] [WARNING] DROWSINESS ALERT (4.1s)
[2026-10-05 17:16:49] [WARNING] DROWSINESS ALERT (4.2s)
[2026-10-05 17:16:49] [WARNING] DROWSINESS ALERT (4.4s)
[2026-10-05 17:16:49] [WARNING] DROWSINESS ALERT (4.5s)
[2026-10-05 17:16:49] [WARNING] DROWSINESS ALERT (4.6s)
[2026-10-05 17:16:49] [WARNING] DROWSINESS ALERT (4.7s)
[2026-10-05 17:16:49] [WARNING] DROWSINESS ALERT (4.8s)
[2026-10-05 17:16:50] [WARNING] DROWSINESS ALERT (4.9s)
[2026-10-05 17:16:50] [WARNING] DROWSINESS ALERT (5.0s)
[2026-10-05 17:16:50] [WARNING] DROWSINESS ALERT (5.1s)
[2026-10-05 17:16:50] [CRITICAL] CRITICAL DROWSINESS (5.1s)
[2026-10-05 17:16:50] [WARNING] DROWSINESS ALERT (5.2s)
[2026-10-05 17:16:50] [CRITICAL] CRITICAL DROWSINESS (5.2s)
[2026-10-05 17:16:50] [WARNING] DROWSINESS ALERT (5.3s)
[2026-10-05 17:16:50] [CRITICAL] CRITICAL DROWSINESS (5.3s)
[2026-10-05 17:16:50] [WARNING] DROWSINESS ALERT (5.4s)
[2026-10-05 17:16:50] [CRITICAL] CRITICAL DROWSINESS (5.4s)
[2026-10-05 17:16:50] [WARNING] DROWSINESS ALERT (5.5s)
[2026-10-05 17:16:50] [CRITICAL] CRITICAL DROWSINESS (5.5s)
[2026-10-05 17:16:50] [WARNING] DROWSINESS ALERT (5.6s)
[2026-10-05 17:16:50] [CRITICAL] CRITICAL DROWSINESS (5.6s)
[2026-10-05 17:16:50] [WARNING] DROWSINESS ALERT (5.7s)
[2026-10-05 17:16:50] [CRITICAL] CRITICAL DROWSINESS (5.7s)
[2026-10-05 17:16:50] [WARNING] DROWSINESS ALERT (5.8s)
[2026-10-05 17:16:50] [CRITICAL] CRITICAL DROWSINESS (5.8s)
[2026-10-05 17:16:50] [WARNING] DROWSINESS ALERT (5.9s)
[2026-10-05 17:16:50] [CRITICAL] CRITICAL DROWSINESS (5.9s)
[2026-10-05 17:16:51] [WARNING] DROWSINESS ALERT (6.0s)
[2026-10-05 17:16:51] [CRITICAL] CRITICAL DROWSINESS (6.0s)
[2026-10-05 17:16:51] [WARNING] DROWSINESS ALERT (6.1s)
[2026-10-05 17:16:51] [CRITICAL] CRITICAL DROWSINESS (6.1s)
[2026-10-05 17:16:51] [WARNING] DROWSINESS ALERT (6.2s)
[2026-10-05 17:16:51] [CRITICAL] CRITICAL DROWSINESS (6.2s)
[2026-10-05 17:16:51] [WARNING] DROWSINESS ALERT (6.3s)
[2026-10-05 17:16:51] [CRITICAL] CRITICAL DROWSINESS (6.3s)
[2026-10-05 17:16:51] [WARNING] DROWSINESS ALERT (6.4s)
[2026-10-05 17:16:51] [CRITICAL] CRITICAL DROWSINESS (6.4s)
[2026-10-05 17:16:51] [WARNING] DROWSINESS ALERT (6.5s)
[2026-10-05 17:16:51] [CRITICAL] CRITICAL DROWSINESS (6.5s)
[2026-10-05 17:16:51] [WARNING] DROWSINESS ALERT (0.0s)
[2026-10-05 17:16:53] [WARNING] DROWSINESS ALERT (0.1s)
[2026-10-05 17:16:53] [WARNING] DROWSINESS ALERT (0.2s)
[2026-10-05 17:16:53] [WARNING] DROWSINESS ALERT (0.3s)
[2026-10-05 17:16:53] [WARNING] DROWSINESS ALERT (0.4s)
[2026-10-05 17:16:53] [WARNING] DROWSINESS ALERT (0.5s)
[2026-10-05 17:16:53] [WARNING] DROWSINESS ALERT (0.6s)
[2026-10-05 17:16:53] [WARNING] CRITICAL ALERT: MICRO-SLEEP DETECTED
[2026-10-05 17:16:53] [CRITICAL] CRITICAL ALERT: MICRO-SLEEP DETECTED
[2026-10-05 17:16:53] [WARNING] DROWSINESS ALERT (0.7s)
[2026-10-05 17:16:53] [WARNING] DROWSINESS ALERT (0.8s)
[2026-10-05 17:16:53] [WARNING] DROWSINESS ALERT (0.9s)
[2026-10-05 17:16:53] [WARNING] DROWSINESS ALERT (1.0s)
[2026-10-05 17:16:54] [WARNING] DROWSINESS ALERT (1.1s)
[2026-10-05 17:16:54] [WARNING] DROWSINESS ALERT (0.0s)
[2026-10-05 17:16:54] [WARNING] DROWSINESS ALERT (0.1s)
[2026-10-05 17:16:54] [WARNING] DROWSINESS ALERT (0.0s)
[2026-10-05 17:16:55] [WARNING] DROWSINESS ALERT (0.1s)
[2026-10-05 17:16:55] [WARNING] DROWSINESS ALERT (0.2s)
[2026-10-05 17:16:55] [WARNING] DROWSINESS ALERT (0.3s)
[2026-10-05 17:16:55] [WARNING] DROWSINESS ALERT (0.0s)
[2026-10-05 17:16:56] [WARNING] DROWSINESS ALERT (0.1s)
[2026-10-05 17:16:56] [WARNING] DROWSINESS ALERT (0.0s)
[2026-10-05 17:16:56] [WARNING] DROWSINESS ALERT (0.1s)
[2026-10-05 17:16:56] [WARNING] DROWSINESS ALERT (0.2s)
[2026-10-05 17:16:57] [WARNING] DROWSINESS ALERT (0.3s)
[2026-10-05 17:16:57] [WARNING] DROWSINESS ALERT (0.4s)
[2026-10-05 17:16:57] [WARNING] DROWSINESS ALERT (0.5s)
[2026-10-05 17:16:57] [WARNING] DROWSINESS ALERT (0.6s)
[2026-10-05 17:16:57] [WARNING] CRITICAL ALERT: MICRO-SLEEP DETECTED
[2026-10-05 17:16:57] [CRITICAL] CRITICAL ALERT: MICRO-SLEEP DETECTED
[2026-10-05 17:16:57] [WARNING] DROWSINESS ALERT (0.7s)
[2026-10-05 17:16:57] [WARNING] DROWSINESS ALERT (0.8s)
[2026-10-05 17:16:57] [WARNING] DROWSINESS ALERT (0.9s)
[2026-10-05 17:16:57] [WARNING] DROWSINESS ALERT (1.0s)
[2026-10-05 17:16:57] [WARNING] DROWSINESS ALERT (1.1s)
[2026-10-05 17:16:58] [WARNING] DROWSINESS ALERT (1.2s)
[2026-10-05 17:16:58] [WARNING] DROWSINESS ALERT (1.3s)
[2026-10-05 17:16:58] [WARNING] DROWSINESS ALERT (0.0s)
[2026-10-05 17:16:58] [WARNING] DROWSINESS ALERT (0.1s)
[2026-10-05 17:16:58] [WARNING] DROWSINESS ALERT (0.0s)
[2026-10-05 17:17:00] [WARNING] DROWSINESS ALERT (0.1s)
[2026-10-05 17:17:00] [WARNING] DROWSINESS ALERT (0.2s)
[2026-10-05 17:17:00] [WARNING] DROWSINESS ALERT (0.0s)
[2026-10-05 17:17:00] [WARNING] DROWSINESS ALERT (0.1s)
[2026-10-05 17:17:01] [WARNING] DROWSINESS ALERT (0.2s)
[2026-10-05 17:17:01] [WARNING] DROWSINESS ALERT (0.3s)
[2026-10-05 17:17:01] [WARNING] DROWSINESS ALERT (0.4s)
[2026-10-05 17:17:01] [WARNING] DROWSINESS ALERT (0.5s)
[2026-10-05 17:17:01] [WARNING] DROWSINESS ALERT (0.6s)
[2026-10-05 17:17:01] [WARNING] CRITICAL ALERT: MICRO-SLEEP DETECTED
[2026-10-05 17:17:01] [CRITICAL] CRITICAL ALERT: MICRO-SLEEP DETECTED
[2026-10-05 17:17:01] [WARNING] DROWSINESS ALERT (0.7s)
[2026-10-05 17:17:01] [WARNING] DROWSINESS ALERT (0.8s)
[2026-10-05 17:17:01] [WARNING] DROWSINESS ALERT (0.9s)
[2026-10-05 17:17:01] [WARNING] DROWSINESS ALERT (1.0s)
[2026-10-05 17:17:01] [WARNING] DROWSINESS ALERT (1.1s)
[2026-10-05 17:17:02] [WARNING] DROWSINESS ALERT (1.2s)
[2026-10-05 17:17:02] [WARNING] DROWSINESS ALERT (1.3s)
[2026-10-05 17:17:02] [WARNING] DROWSINESS ALERT (1.4s)
[2026-10-05 17:17:02] [WARNING] DROWSINESS ALERT (1.5s)
[2026-10-05 17:17:02] [WARNING] DROWSINESS ALERT (1.6s)
[2026-10-05 17:17:02] [WARNING] DROWSINESS ALERT (1.7s)
[2026-10-05 17:17:02] [WARNING] DROWSINESS ALERT (1.8s)
[2026-10-05 17:17:02] [WARNING] DROWSINESS ALERT (1.9s)
[2026-10-05 17:17:02] [WARNING] DROWSINESS ALERT (2.0s)
[2026-10-05 17:17:02] [WARNING] DROWSINESS ALERT (2.1s)
[2026-10-05 17:17:03] [WARNING] DROWSINESS ALERT (2.2s)
[2026-10-05 17:17:03] [WARNING] DROWSINESS ALERT (2.3s)
[2026-10-05 17:17:03] [WARNING] DROWSINESS ALERT (2.4s)
[2026-10-05 17:17:03] [WARNING] DROWSINESS ALERT (2.5s)
[2026-10-05 17:17:03] [WARNING] DROWSINESS ALERT (2.6s)
[2026-10-05 17:17:03] [WARNING] DROWSINESS ALERT (2.7s)
[2026-10-05 17:17:03] [WARNING] DROWSINESS ALERT (2.8s)
[2026-10-05 17:17:03] [WARNING] DROWSINESS ALERT (2.9s)
[2026-10-05 17:17:03] [WARNING] DROWSINESS ALERT (3.0s)
[2026-10-05 17:17:03] [WARNING] DROWSINESS ALERT (3.1s)
[2026-10-05 17:17:04] [WARNING] DROWSINESS ALERT (3.2s)
[2026-10-05 17:17:04] [WARNING] DROWSINESS ALERT (3.3s)
[2026-10-05 17:17:04] [WARNING] DROWSINESS ALERT (3.4s)
[2026-10-05 17:17:04] [WARNING] DROWSINESS ALERT (3.5s)
[2026-10-05 17:17:04] [WARNING] DROWSINESS ALERT (3.6s)
[2026-10-05 17:17:04] [WARNING] DROWSINESS ALERT (3.7s)
[2026-10-05 17:17:04] [WARNING] DROWSINESS ALERT (3.8s)
[2026-10-05 17:17:04] [WARNING] DROWSINESS ALERT (3.9s)
[2026-10-05 17:17:04] [WARNING] DROWSINESS ALERT (4.0s)
[2026-10-05 17:17:04] [WARNING] DROWSINESS ALERT (4.1s)
[2026-10-05 17:17:05] [WARNING] DROWSINESS ALERT (4.2s)
[2026-10-05 17:17:05] [WARNING] DROWSINESS ALERT (4.3s)
[2026-10-05 17:17:05] [WARNING] DROWSINESS ALERT (4.4s)
[2026-10-05 17:17:05] [WARNING] DROWSINESS ALERT (4.5s)
[2026-10-05 17:17:05] [WARNING] DROWSINESS ALERT (4.6s)
[2026-10-05 17:17:05] [WARNING] DROWSINESS ALERT (4.7s)
[2026-10-05 17:17:05] [WARNING] DROWSINESS ALERT (4.8s)
[2026-10-05 17:17:05] [WARNING] DROWSINESS ALERT (4.9s)
[2026-10-05 17:17:05] [WARNING] DROWSINESS ALERT (5.0s)
[2026-10-05 17:17:05] [WARNING] DROWSINESS ALERT (5.1s)
[2026-10-05 17:17:05] [CRITICAL] CRITICAL DROWSINESS (5.1s)
[2026-10-05 17:17:05] [WARNING] DROWSINESS ALERT (5.2s)
[2026-10-05 17:17:05] [CRITICAL] CRITICAL DROWSINESS (5.2s)
[2026-10-05 17:17:06] [WARNING] DROWSINESS ALERT (5.3s)
[2026-10-05 17:17:06] [CRITICAL] CRITICAL DROWSINESS (5.3s)
[2026-10-05 17:17:06] [WARNING] DROWSINESS ALERT (5.4s)
[2026-10-05 17:17:06] [CRITICAL] CRITICAL DROWSINESS (5.4s)
[2026-10-05 17:17:06] [WARNING] DROWSINESS ALERT (5.5s)
[2026-10-05 17:17:06] [CRITICAL] CRITICAL DROWSINESS (5.5s)
[2026-10-05 17:17:06] [WARNING] DROWSINESS ALERT (5.6s)
[2026-10-05 17:17:06] [CRITICAL] CRITICAL DROWSINESS (5.6s)
[2026-10-05 17:17:06] [WARNING] DROWSINESS ALERT (5.7s)
[2026-10-05 17:17:06] [CRITICAL] CRITICAL DROWSINESS (5.7s)
[2026-10-05 17:17:06] [WARNING] DROWSINESS ALERT (5.8s)
[2026-10-05 17:17:06] [CRITICAL] CRITICAL DROWSINESS (5.8s)
[2026-10-05 17:17:06] [WARNING] DROWSINESS ALERT (5.9s)
[2026-10-05 17:17:06] [CRITICAL] CRITICAL DROWSINESS (5.9s)
[2026-10-05 17:17:06] [WARNING] DROWSINESS ALERT (6.0s)
[2026-10-05 17:17:06] [CRITICAL] CRITICAL DROWSINESS (6.0s)
[2026-10-05 17:17:06] [WARNING] DROWSINESS ALERT (6.1s)
[2026-10-05 17:17:06] [CRITICAL] CRITICAL DROWSINESS (6.1s)
[2026-10-05 17:17:07] [WARNING] DROWSINESS ALERT (6.2s)
[2026-10-05 17:17:07] [CRITICAL] CRITICAL DROWSINESS (6.2s)
[2026-10-05 17:17:07] [WARNING] DROWSINESS ALERT (6.3s)
[2026-10-05 17:17:07] [CRITICAL] CRITICAL DROWSINESS (6.3s)
[2026-10-05 17:17:07] [WARNING] DROWSINESS ALERT (6.4s)
[2026-10-05 17:17:07] [CRITICAL] CRITICAL DROWSINESS (6.4s)
[2026-10-05 17:17:07] [WARNING] DROWSINESS ALERT (6.5s)
[2026-10-05 17:17:07] [CRITICAL] CRITICAL DROWSINESS (6.5s)
[2026-10-05 17:17:07] [WARNING] DROWSINESS ALERT (6.6s)
[2026-10-05 17:17:07] [CRITICAL] CRITICAL DROWSINESS (6.6s)
[2026-10-05 17:17:07] [WARNING] DROWSINESS ALERT (6.7s)
[2026-10-05 17:17:07] [CRITICAL] CRITICAL DROWSINESS (6.7s)
[2026-10-05 17:17:07] [WARNING] DROWSINESS ALERT (6.8s)
[2026-10-05 17:17:07] [CRITICAL] CRITICAL DROWSINESS (6.8s)
[2026-10-05 17:17:07] [WARNING] DROWSINESS ALERT (6.9s)
[2026-10-05 17:17:07] [CRITICAL] CRITICAL DROWSINESS (6.9s)
[2026-10-05 17:17:07] [WARNING] DROWSINESS ALERT (7.0s)
[2026-10-05 17:17:07] [CRITICAL] CRITICAL DROWSINESS (7.0s)
[2026-10-05 17:17:08] [WARNING] DROWSINESS ALERT (7.1s)
[2026-10-05 17:17:08] [CRITICAL] CRITICAL DROWSINESS (7.1s)
[2026-10-05 17:17:08] [WARNING] DROWSINESS ALERT (7.2s)
[2026-10-05 17:17:08] [CRITICAL] CRITICAL DROWSINESS (7.2s)
[2026-10-05 17:17:08] [WARNING] DROWSINESS ALERT (7.3s)
[2026-10-05 17:17:08] [CRITICAL] CRITICAL DROWSINESS (7.3s)
[2026-10-05 17:17:08] [WARNING] DROWSINESS ALERT (7.4s)
[2026-10-05 17:17:08] [CRITICAL] CRITICAL DROWSINESS (7.4s)
[2026-10-05 17:17:08] [WARNING] DROWSINESS ALERT (7.5s)
[2026-10-05 17:17:08] [CRITICAL] CRITICAL DROWSINESS (7.5s)
[2026-10-05 17:17:08] [WARNING] DROWSINESS ALERT (7.7s)
[2026-10-05 17:17:08] [CRITICAL] CRITICAL DROWSINESS (7.7s)
[2026-10-05 17:17:08] [WARNING] DROWSINESS ALERT (7.8s)
[2026-10-05 17:17:08] [CRITICAL] CRITICAL DROWSINESS (7.8s)
[2026-10-05 17:17:08] [WARNING] DROWSINESS ALERT (7.9s)
[2026-10-05 17:17:08] [CRITICAL] CRITICAL DROWSINESS (7.9s)
[2026-10-05 17:17:08] [WARNING] DROWSINESS ALERT (8.0s)
[2026-10-05 17:17:08] [CRITICAL] CRITICAL DROWSINESS (8.0s)
[2026-10-05 17:17:08] [WARNING] DROWSINESS ALERT (8.1s)
[2026-10-05 17:17:08] [CRITICAL] CRITICAL DROWSINESS (8.1s)
[2026-10-05 17:17:09] [WARNING] DROWSINESS ALERT (8.2s)
[2026-10-05 17:17:09] [CRITICAL] CRITICAL DROWSINESS (8.2s)
[2026-10-05 17:17:09] [WARNING] DROWSINESS ALERT (8.3s)
[2026-10-05 17:17:09] [CRITICAL] CRITICAL DROWSINESS (8.3s)
[2026-10-05 17:17:09] [WARNING] DROWSINESS ALERT (8.4s)
[2026-10-05 17:17:09] [CRITICAL] CRITICAL DROWSINESS (8.4s)
[2026-10-05 17:17:09] [WARNING] DROWSINESS ALERT (8.5s)
[2026-10-05 17:17:09] [CRITICAL] CRITICAL DROWSINESS (8.5s)
[2026-10-05 17:17:09] [WARNING] DROWSINESS ALERT (8.6s)
[2026-10-05 17:17:09] [CRITICAL] CRITICAL DROWSINESS (8.6s)
[2026-10-05 17:17:09] [WARNING] DROWSINESS ALERT (8.7s)
[2026-10-05 17:17:09] [CRITICAL] CRITICAL DROWSINESS (8.7s)
[2026-10-05 17:17:09] [WARNING] DROWSINESS ALERT (8.8s)
[2026-10-05 17:17:09] [CRITICAL] CRITICAL DROWSINESS (8.8s)
[2026-10-05 17:17:09] [WARNING] DROWSINESS ALERT (8.9s)
[2026-10-05 17:17:09] [CRITICAL] CRITICAL DROWSINESS (8.9s)
[2026-10-05 17:17:09] [WARNING] DROWSINESS ALERT (9.0s)
[2026-10-05 17:17:09] [CRITICAL] CRITICAL DROWSINESS (9.0s)
[2026-10-05 17:17:09] [WARNING] DROWSINESS ALERT (9.1s)
[2026-10-05 17:17:09] [CRITICAL] CRITICAL DROWSINESS (9.1s)
[2026-10-05 17:17:10] [WARNING] DROWSINESS ALERT (9.2s)
[2026-10-05 17:17:10] [CRITICAL] CRITICAL DROWSINESS (9.2s)
[2026-10-05 17:17:10] [WARNING] DROWSINESS ALERT (9.3s)
[2026-10-05 17:17:10] [CRITICAL] CRITICAL DROWSINESS (9.3s)
[2026-10-05 17:17:10] [WARNING] DROWSINESS ALERT (9.4s)
[2026-10-05 17:17:10] [CRITICAL] CRITICAL DROWSINESS (9.4s)
[2026-10-05 17:17:10] [WARNING] DROWSINESS ALERT (9.5s)
[2026-10-05 17:17:10] [CRITICAL] CRITICAL DROWSINESS (9.5s)
[2026-10-05 17:17:10] [WARNING] DROWSINESS ALERT (9.6s)
[2026-10-05 17:17:10] [CRITICAL] CRITICAL DROWSINESS (9.6s)
[2026-10-05 17:17:10] [WARNING] DROWSINESS ALERT (9.7s)
[2026-10-05 17:17:10] [CRITICAL] CRITICAL DROWSINESS (9.7s)
[2026-10-05 17:17:10] [WARNING] DROWSINESS ALERT (9.8s)
[2026-10-05 17:17:10] [CRITICAL] CRITICAL DROWSINESS (9.8s)
[2026-10-05 17:17:10] [WARNING] DROWSINESS ALERT (9.9s)
[2026-10-05 17:17:10] [CRITICAL] CRITICAL DROWSINESS (9.9s)
[2026-10-05 17:17:10] [WARNING] DROWSINESS ALERT (10.0s)
[2026-10-05 17:17:10] [CRITICAL] CRITICAL DROWSINESS (10.0s)
[2026-10-05 17:17:10] [WARNING] DROWSINESS ALERT (10.1s)
[2026-10-05 17:17:10] [CRITICAL] CRITICAL DROWSINESS (10.1s)
[2026-10-05 17:17:11] [WARNING] DROWSINESS ALERT (10.2s)
[2026-10-05 17:17:11] [CRITICAL] CRITICAL DROWSINESS (10.2s)
[2026-10-05 17:17:11] [WARNING] DROWSINESS ALERT (10.3s)
[2026-10-05 17:17:11] [CRITICAL] CRITICAL DROWSINESS (10.3s)
[2026-10-05 17:17:11] [WARNING] DROWSINESS ALERT (10.4s)
[2026-10-05 17:17:11] [CRITICAL] CRITICAL DROWSINESS (10.4s)
[2026-10-05 17:17:11] [WARNING] DROWSINESS ALERT (10.5s)
[2026-10-05 17:17:11] [CRITICAL] CRITICAL DROWSINESS (10.5s)
[2026-10-05 17:17:11] [WARNING] DROWSINESS ALERT (10.6s)
[2026-10-05 17:17:11] [CRITICAL] CRITICAL DROWSINESS (10.6s)
[2026-10-05 17:17:11] [WARNING] DROWSINESS ALERT (10.7s)
[2026-10-05 17:17:11] [CRITICAL] CRITICAL DROWSINESS (10.7s)
[2026-10-05 17:17:11] [WARNING] DROWSINESS ALERT (10.8s)
[2026-10-05 17:17:11] [CRITICAL] CRITICAL DROWSINESS (10.8s)
[2026-10-05 17:17:11] [WARNING] DROWSINESS ALERT (10.9s)
[2026-10-05 17:17:11] [CRITICAL] CRITICAL DROWSINESS (10.9s)
[2026-10-05 17:17:11] [WARNING] DROWSINESS ALERT (11.0s)
[2026-10-05 17:17:11] [CRITICAL] CRITICAL DROWSINESS (11.0s)
[2026-10-05 17:17:11] [WARNING] DROWSINESS ALERT (11.1s)
[2026-10-05 17:17:11] [CRITICAL] CRITICAL DROWSINESS (11.1s)
[2026-10-05 17:17:12] [WARNING] DROWSINESS ALERT (11.2s)
[2026-10-05 17:17:12] [CRITICAL] CRITICAL DROWSINESS (11.2s)
[2026-10-05 17:17:12] [WARNING] DROWSINESS ALERT (11.3s)
[2026-10-05 17:17:12] [CRITICAL] CRITICAL DROWSINESS (11.3s)
[2026-10-05 17:17:12] [WARNING] DROWSINESS ALERT (11.4s)
[2026-10-05 17:17:12] [CRITICAL] CRITICAL DROWSINESS (11.4s)
[2026-10-05 17:17:12] [WARNING] DROWSINESS ALERT (11.5s)
[2026-10-05 17:17:12] [CRITICAL] CRITICAL DROWSINESS (11.5s)
[2026-10-05 17:17:12] [WARNING] DROWSINESS ALERT (11.6s)
[2026-10-05 17:17:12] [CRITICAL] CRITICAL DROWSINESS (11.6s)
[2026-10-05 17:17:12] [WARNING] DROWSINESS ALERT (11.7s)
[2026-10-05 17:17:12] [CRITICAL] CRITICAL DROWSINESS (11.7s)
[2026-10-05 17:17:12] [WARNING] DROWSINESS ALERT (11.8s)
[2026-10-05 17:17:12] [CRITICAL] CRITICAL DROWSINESS (11.8s)
[2026-10-05 17:17:12] [WARNING] DROWSINESS ALERT (11.9s)
[2026-10-05 17:17:12] [CRITICAL] CRITICAL DROWSINESS (11.9s)
[2026-10-05 17:17:12] [WARNING] DROWSINESS ALERT (12.0s)
[2026-10-05 17:17:12] [CRITICAL] CRITICAL DROWSINESS (12.0s)
[2026-10-05 17:17:12] [WARNING] DROWSINESS ALERT (12.1s)
[2026-10-05 17:17:12] [CRITICAL] CRITICAL DROWSINESS (12.1s)
[2026-10-05 17:17:13] [WARNING] DROWSINESS ALERT (12.2s)
[2026-10-05 17:17:13] [CRITICAL] CRITICAL DROWSINESS (12.2s)
[2026-10-05 17:17:13] [WARNING] DROWSINESS ALERT (12.3s)
[2026-10-05 17:17:13] [CRITICAL] CRITICAL DROWSINESS (12.3s)
[2026-10-05 17:17:13] [WARNING] DROWSINESS ALERT (12.4s)
[2026-10-05 17:17:13] [CRITICAL] CRITICAL DROWSINESS (12.4s)
[2026-10-05 17:17:13] [WARNING] DROWSINESS ALERT (12.5s)
[2026-10-05 17:17:13] [CRITICAL] CRITICAL DROWSINESS (12.5s)
[2026-10-05 17:17:13] [WARNING] DROWSINESS ALERT (12.6s)
[2026-10-05 17:17:13] [CRITICAL] CRITICAL DROWSINESS (12.6s)
[2026-10-05 17:17:13] [WARNING] DROWSINESS ALERT (12.7s)
[2026-10-05 17:17:13] [CRITICAL] CRITICAL DROWSINESS (12.7s)
[2026-10-05 17:17:13] [WARNING] DROWSINESS ALERT (12.8s)
[2026-10-05 17:17:13] [CRITICAL] CRITICAL DROWSINESS (12.8s)
[2026-10-05 17:17:13] [WARNING] DROWSINESS ALERT (12.9s)
[2026-10-05 17:17:13] [CRITICAL] CRITICAL DROWSINESS (12.9s)
[2026-10-05 17:17:13] [WARNING] DROWSINESS ALERT (13.0s)
[2026-10-05 17:17:13] [CRITICAL] CRITICAL DROWSINESS (13.0s)
[2026-10-05 17:17:13] [WARNING] DROWSINESS ALERT (13.1s)
[2026-10-05 17:17:13] [CRITICAL] CRITICAL DROWSINESS (13.1s)
[2026-10-05 17:17:13] [WARNING] DROWSINESS ALERT (13.2s)
[2026-10-05 17:17:13] [CRITICAL] CRITICAL DROWSINESS (13.2s)
[2026-10-05 17:17:14] [WARNING] DROWSINESS ALERT (13.3s)
[2026-10-05 17:17:14] [CRITICAL] CRITICAL DROWSINESS (13.3s)
[2026-10-05 17:17:14] [WARNING] DROWSINESS ALERT (13.4s)
[2026-10-05 17:17:14] [CRITICAL] CRITICAL DROWSINESS (13.4s)
[2026-10-05 17:17:14] [WARNING] DROWSINESS ALERT (13.5s)
[2026-10-05 17:17:14] [CRITICAL] CRITICAL DROWSINESS (13.5s)
[2026-10-05 17:17:14] [WARNING] DROWSINESS ALERT (13.6s)
[2026-10-05 17:17:14] [CRITICAL] CRITICAL DROWSINESS (13.6s)
[2026-10-05 17:17:14] [WARNING] DROWSINESS ALERT (13.7s)
[2026-10-05 17:17:14] [CRITICAL] CRITICAL DROWSINESS (13.7s)
[2026-10-05 17:17:14] [WARNING] DROWSINESS ALERT (13.8s)
[2026-10-05 17:17:14] [CRITICAL] CRITICAL DROWSINESS (13.8s)
[2026-10-05 17:17:14] [WARNING] DROWSINESS ALERT (13.9s)
[2026-10-05 17:17:14] [CRITICAL] CRITICAL DROWSINESS (13.9s)
[2026-10-05 17:17:14] [WARNING] DROWSINESS ALERT (14.0s)
[2026-10-05 17:17:14] [CRITICAL] CRITICAL DROWSINESS (14.0s)
[2026-10-05 17:17:14] [WARNING] DROWSINESS ALERT (14.1s)
[2026-10-05 17:17:14] [CRITICAL] CRITICAL DROWSINESS (14.1s)
[2026-10-05 17:17:15] [WARNING] DROWSINESS ALERT (14.2s)
[2026-10-05 17:17:15] [CRITICAL] CRITICAL DROWSINESS (14.2s)
[2026-10-05 17:17:15] [WARNING] DROWSINESS ALERT (14.3s)
[2026-10-05 17:17:15] [CRITICAL] CRITICAL DROWSINESS (14.3s)
[2026-10-05 17:17:15] [WARNING] DROWSINESS ALERT (14.4s)
[2026-10-05 17:17:15] [CRITICAL] CRITICAL DROWSINESS (14.4s)
[2026-10-05 17:17:15] [WARNING] DROWSINESS ALERT (14.5s)
[2026-10-05 17:17:15] [CRITICAL] CRITICAL DROWSINESS (14.5s)
[2026-10-05 17:17:15] [WARNING] DROWSINESS ALERT (14.6s)
[2026-10-05 17:17:15] [CRITICAL] CRITICAL DROWSINESS (14.6s)
[2026-10-05 17:17:15] [WARNING] DROWSINESS ALERT (14.7s)
[2026-10-05 17:17:15] [CRITICAL] CRITICAL DROWSINESS (14.7s)
[2026-10-05 17:17:15] [WARNING] DROWSINESS ALERT (14.8s)
[2026-10-05 17:17:15] [CRITICAL] CRITICAL DROWSINESS (14.8s)
[2026-10-05 17:17:15] [WARNING] DROWSINESS ALERT (14.9s)
[2026-10-05 17:17:15] [CRITICAL] CRITICAL DROWSINESS (14.9s)
[2026-10-05 17:17:15] [WARNING] DROWSINESS ALERT (15.0s)
[2026-10-05 17:17:15] [WARNING] WARNING: HIGHWAY HYPNOSIS (No blinks > 15s)
[2026-10-05 17:17:15] [CRITICAL] CRITICAL DROWSINESS (15.0s)
[2026-10-05 17:17:15] [WARNING] DROWSINESS ALERT (15.1s)
[2026-10-05 17:17:15] [CRITICAL] CRITICAL DROWSINESS (15.1s)
[2026-10-05 17:17:16] [WARNING] DROWSINESS ALERT (15.2s)
[2026-10-05 17:17:16] [CRITICAL] CRITICAL DROWSINESS (15.2s)
[2026-10-05 17:17:16] [WARNING] DROWSINESS ALERT (0.0s)
[2026-10-05 17:17:16] [WARNING] DROWSINESS ALERT (0.1s)
[2026-10-05 17:17:16] [WARNING] DROWSINESS ALERT (0.2s)
[2026-10-05 17:17:16] [WARNING] DROWSINESS ALERT (0.3s)
[2026-10-05 17:17:16] [WARNING] DROWSINESS ALERT (0.4s)
[2026-10-05 17:17:16] [WARNING] DROWSINESS ALERT (0.5s)
[2026-10-05 17:17:16] [WARNING] DROWSINESS ALERT (0.6s)
[2026-10-05 17:17:16] [WARNING] CRITICAL ALERT: MICRO-SLEEP DETECTED
[2026-10-05 17:17:16] [CRITICAL] CRITICAL ALERT: MICRO-SLEEP DETECTED
[2026-10-05 17:17:17] [WARNING] DROWSINESS ALERT (0.7s)
[2026-10-05 17:17:17] [WARNING] DROWSINESS ALERT (0.8s)
[2026-10-05 17:17:17] [WARNING] DROWSINESS ALERT (0.9s)
[2026-10-05 17:17:17] [WARNING] DROWSINESS ALERT (1.0s)
[2026-10-05 17:17:17] [WARNING] DROWSINESS ALERT (1.1s)
[2026-10-05 17:17:17] [WARNING] DROWSINESS ALERT (1.2s)
[2026-10-05 17:17:17] [WARNING] DROWSINESS ALERT (1.3s)
[2026-10-05 17:17:17] [WARNING] DROWSINESS ALERT (1.4s)
[2026-10-05 17:17:17] [WARNING] DROWSINESS ALERT (1.5s)
[2026-10-05 17:17:17] [WARNING] DROWSINESS ALERT (1.6s)
[2026-10-05 17:17:18] [WARNING] DROWSINESS ALERT (1.7s)
[2026-10-05 17:17:18] [WARNING] DROWSINESS ALERT (1.8s)
[2026-10-05 17:17:18] [WARNING] DROWSINESS ALERT (1.9s)
[2026-10-05 17:17:18] [WARNING] DROWSINESS ALERT (2.0s)
[2026-10-05 17:17:18] [WARNING] DROWSINESS ALERT (2.1s)
[2026-10-05 17:17:18] [WARNING] DROWSINESS ALERT (2.2s)
[2026-10-05 17:17:18] [WARNING] DROWSINESS ALERT (2.3s)
[2026-10-05 17:17:18] [WARNING] DROWSINESS ALERT (2.4s)
[2026-10-05 17:17:18] [WARNING] DROWSINESS ALERT (2.5s)
[2026-10-05 17:17:18] [WARNING] DROWSINESS ALERT (2.6s)
[2026-10-05 17:17:19] [WARNING] DROWSINESS ALERT (2.7s)
[2026-10-05 17:17:19] [WARNING] DROWSINESS ALERT (2.8s)
[2026-10-05 17:17:19] [WARNING] DROWSINESS ALERT (2.9s)
[2026-10-05 17:17:19] [WARNING] DROWSINESS ALERT (3.0s)
[2026-10-05 17:17:19] [WARNING] DROWSINESS ALERT (3.1s)
[2026-10-05 17:17:19] [WARNING] DROWSINESS ALERT (3.2s)
[2026-10-05 17:17:19] [WARNING] DROWSINESS ALERT (3.3s)
[2026-10-05 17:17:19] [WARNING] DROWSINESS ALERT (3.4s)
[2026-10-05 17:17:19] [WARNING] DROWSINESS ALERT (3.5s)
[2026-10-05 17:17:19] [WARNING] DROWSINESS ALERT (3.6s)
[2026-10-05 17:17:20] [WARNING] DROWSINESS ALERT (3.7s)
[2026-10-05 17:17:20] [WARNING] DROWSINESS ALERT (3.8s)
[2026-10-05 17:17:20] [WARNING] DROWSINESS ALERT (3.9s)
[2026-10-05 17:17:20] [WARNING] DROWSINESS ALERT (4.0s)
[2026-10-05 17:17:20] [WARNING] DROWSINESS ALERT (4.1s)
[2026-10-05 17:17:20] [WARNING] DROWSINESS ALERT (4.2s)
[2026-10-05 17:17:20] [WARNING] DROWSINESS ALERT (4.3s)
[2026-10-05 17:17:20] [WARNING] DROWSINESS ALERT (4.4s)
[2026-10-05 17:17:20] [WARNING] DROWSINESS ALERT (4.5s)
[2026-10-05 17:17:20] [WARNING] DROWSINESS ALERT (4.6s)
[2026-10-05 17:17:21] [WARNING] DROWSINESS ALERT (4.7s)
[2026-10-05 17:17:21] [WARNING] DROWSINESS ALERT (4.8s)
[2026-10-05 17:17:21] [WARNING] DROWSINESS ALERT (4.9s)
[2026-10-05 17:17:21] [WARNING] DROWSINESS ALERT (0.0s)
[2026-10-05 17:17:21] [WARNING] DROWSINESS ALERT (0.1s)
[2026-10-05 17:17:21] [WARNING] DROWSINESS ALERT (0.2s)
[2026-10-05 17:17:21] [WARNING] DROWSINESS ALERT (0.3s)
[2026-10-05 17:17:21] [WARNING] DROWSINESS ALERT (0.4s)
[2026-10-05 17:17:21] [WARNING] DROWSINESS ALERT (0.5s)
[2026-10-05 17:17:22] [WARNING] DROWSINESS ALERT (0.6s)
[2026-10-05 17:17:22] [WARNING] CRITICAL ALERT: MICRO-SLEEP DETECTED
[2026-10-05 17:17:22] [CRITICAL] CRITICAL ALERT: MICRO-SLEEP DETECTED
[2026-10-05 17:17:22] [WARNING] DROWSINESS ALERT (0.7s)
[2026-10-05 17:17:22] [WARNING] DROWSINESS ALERT (0.0s)
[2026-10-05 17:17:22] [WARNING] DROWSINESS ALERT (0.1s)
[2026-10-05 17:17:22] [WARNING] DROWSINESS ALERT (0.2s)
[2026-10-05 17:17:22] [WARNING] DROWSINESS ALERT (0.3s)
[2026-10-05 17:17:22] [WARNING] DROWSINESS ALERT (0.4s)
[2026-10-05 17:17:22] [WARNING] DROWSINESS ALERT (0.5s)
[2026-10-05 17:17:22] [WARNING] CRITICAL ALERT: MICRO-SLEEP DETECTED
[2026-10-05 17:17:22] [CRITICAL] CRITICAL ALERT: MICRO-SLEEP DETECTED
[2026-10-05 17:17:23] [WARNING] DROWSINESS ALERT (0.6s)
[2026-10-05 17:17:23] [WARNING] DROWSINESS ALERT (0.7s)
[2026-10-05 17:17:23] [WARNING] DROWSINESS ALERT (0.8s)
[2026-10-05 17:17:23] [WARNING] DROWSINESS ALERT (0.9s)
[2026-10-05 17:17:23] [WARNING] DROWSINESS ALERT (1.0s)
[2026-10-05 17:17:23] [WARNING] DROWSINESS ALERT (1.1s)
[2026-10-05 17:17:23] [WARNING] DROWSINESS ALERT (1.2s)
[2026-10-05 17:17:23] [WARNING] DROWSINESS ALERT (1.3s)
[2026-10-05 17:17:23] [WARNING] DROWSINESS ALERT (1.4s)
[2026-10-05 17:17:23] [WARNING] DROWSINESS ALERT (1.5s)
[2026-10-05 17:17:24] [WARNING] DROWSINESS ALERT (1.6s)
[2026-10-05 17:17:24] [WARNING] DROWSINESS ALERT (1.7s)
[2026-10-05 17:17:24] [WARNING] DROWSINESS ALERT (1.8s)
[2026-10-05 17:17:24] [WARNING] DROWSINESS ALERT (1.9s)
[2026-10-05 17:17:24] [WARNING] DROWSINESS ALERT (2.0s)
[2026-10-05 17:17:24] [WARNING] DROWSINESS ALERT (0.0s)
[2026-10-05 17:17:24] [WARNING] DROWSINESS ALERT (0.1s)
[2026-10-05 17:17:24] [WARNING] DROWSINESS ALERT (0.2s)
[2026-10-05 17:17:25] [WARNING] DROWSINESS ALERT (0.0s)
[2026-10-05 17:17:25] [WARNING] DROWSINESS ALERT (0.1s)
[2026-10-05 17:17:25] [WARNING] DROWSINESS ALERT (0.0s)
[2026-10-05 17:17:25] [WARNING] DROWSINESS ALERT (0.1s)
[2026-10-05 17:17:25] [WARNING] DROWSINESS ALERT (0.2s)
[2026-10-05 17:17:26] [WARNING] DROWSINESS ALERT (0.3s)
[2026-10-05 17:17:26] [WARNING] DROWSINESS ALERT (0.0s)
[2026-10-05 17:17:30] [WARNING] DROWSINESS ALERT (0.1s)
[2026-10-05 17:17:30] [WARNING] DROWSINESS ALERT (0.2s)
[2026-10-05 17:17:30] [WARNING] DROWSINESS ALERT (0.3s)
[2026-10-05 17:17:30] [WARNING] DROWSINESS ALERT (0.0s)
[2026-10-05 17:17:31] [WARNING] DROWSINESS ALERT (0.1s)
[2026-10-05 17:17:31] [WARNING] DROWSINESS ALERT (0.0s)
[2026-10-05 17:17:34] [WARNING] DROWSINESS ALERT (0.1s)
[2026-10-05 17:17:34] [WARNING] DROWSINESS ALERT (0.2s)
[2026-10-05 17:17:34] [WARNING] DROWSINESS ALERT (0.3s)
[2026-10-05 17:17:34] [WARNING] DROWSINESS ALERT (0.4s)
[2026-10-05 17:17:34] [WARNING] DROWSINESS ALERT (0.5s)
[2026-10-05 17:17:34] [WARNING] CRITICAL ALERT: MICRO-SLEEP DETECTED
[2026-10-05 17:17:34] [CRITICAL] CRITICAL ALERT: MICRO-SLEEP DETECTED
[2026-10-05 17:17:34] [WARNING] DROWSINESS ALERT (0.6s)
[2026-10-05 17:17:34] [WARNING] DROWSINESS ALERT (0.0s)
[2026-10-05 17:17:35] [WARNING] DROWSINESS ALERT (0.1s)
[2026-10-05 17:17:35] [WARNING] DROWSINESS ALERT (0.0s)
[2026-10-05 17:17:35] [WARNING] DROWSINESS ALERT (0.1s)
[2026-10-05 17:17:35] [WARNING] DROWSINESS ALERT (0.2s)
[2026-10-05 17:17:35] [WARNING] DROWSINESS ALERT (0.0s)
[2026-10-05 17:17:38] [WARNING] DROWSINESS ALERT (0.1s)
[2026-10-05 17:17:38] [WARNING] DROWSINESS ALERT (0.2s)
[2026-10-05 17:17:38] [WARNING] DROWSINESS ALERT (0.3s)
[2026-10-05 17:17:38] [WARNING] DROWSINESS ALERT (0.4s)
[2026-10-05 17:17:38] [WARNING] DROWSINESS ALERT (0.5s)
[2026-10-05 17:17:38] [WARNING] DROWSINESS ALERT (0.6s)
[2026-10-05 17:17:38] [WARNING] CRITICAL ALERT: MICRO-SLEEP DETECTED
[2026-10-05 17:17:38] [CRITICAL] CRITICAL ALERT: MICRO-SLEEP DETECTED
[2026-10-05 17:17:38] [WARNING] DROWSINESS ALERT (0.7s)
[2026-10-05 17:17:39] [WARNING] DROWSINESS ALERT (0.8s)
[2026-10-05 17:17:39] [WARNING] DROWSINESS ALERT (0.9s)
[2026-10-05 17:17:39] [WARNING] DROWSINESS ALERT (1.0s)
[2026-10-05 17:17:39] [WARNING] DROWSINESS ALERT (1.1s)
[2026-10-05 17:17:39] [WARNING] DROWSINESS ALERT (1.2s)
[2026-10-05 17:17:39] [WARNING] DROWSINESS ALERT (1.3s)
[2026-10-05 17:17:39] [WARNING] DROWSINESS ALERT (1.4s)
[2026-10-05 17:17:39] [WARNING] DROWSINESS ALERT (0.0s)
[2026-10-05 17:17:40] [WARNING] DROWSINESS ALERT (0.1s)
[2026-10-05 17:17:40] [WARNING] DROWSINESS ALERT (0.0s)
[2026-10-05 17:17:41] [WARNING] DROWSINESS ALERT (0.1s)
[2026-10-05 17:17:41] [WARNING] DROWSINESS ALERT (0.2s)
[2026-10-05 17:17:41] [WARNING] DROWSINESS ALERT (0.0s)
[2026-10-05 17:17:41] [WARNING] DROWSINESS ALERT (0.1s)
[2026-10-05 17:17:41] [WARNING] DROWSINESS ALERT (0.2s)
[2026-10-05 17:17:41] [WARNING] DROWSINESS ALERT (0.0s)
[2026-10-05 17:17:42] [WARNING] DROWSINESS ALERT (0.1s)
[2026-10-05 17:17:42] [WARNING] DROWSINESS ALERT (0.2s)
[2026-10-05 17:17:42] [WARNING] DROWSINESS ALERT (0.0s)
[2026-10-05 17:17:42] [WARNING] DROWSINESS ALERT (0.1s)
[2026-10-05 17:17:42] [WARNING] DROWSINESS ALERT (0.2s)
[2026-10-05 17:17:42] [WARNING] DROWSINESS ALERT (0.3s)
[2026-10-05 17:17:43] [WARNING] DROWSINESS ALERT (0.4s)
[2026-10-05 17:17:43] [WARNING] DROWSINESS ALERT (0.5s)
[2026-10-05 17:17:43] [WARNING] DROWSINESS ALERT (0.6s)
[2026-10-05 17:17:43] [WARNING] CRITICAL ALERT: MICRO-SLEEP DETECTED
[2026-10-05 17:17:43] [CRITICAL] CRITICAL ALERT: MICRO-SLEEP DETECTED
[2026-10-05 17:17:43] [CRITICAL] Dispatching emergency SMS to 1 contact(s)...
[2026-10-05 17:17:43] [INFO] [SIMULATED SMS] To: Emergency Helpline (+18005550199) | Body:
[DMS CRITICAL ALERT] Driver requires immediate attention!
Event: CRITICAL ALERT: MICRO-SLEEP DETECTED
Timestamp: 2026-10-05 17:17:43
Please verify driver safety immediately.
[2026-10-05 17:17:43] [WARNING] DROWSINESS ALERT (0.0s)
[2026-10-05 17:17:44] [WARNING] DROWSINESS ALERT (0.1s)
[2026-10-05 17:17:44] [WARNING] DROWSINESS ALERT (0.2s)
[2026-10-05 17:17:44] [WARNING] DROWSINESS ALERT (0.3s)
[2026-10-05 17:17:44] [WARNING] DROWSINESS ALERT (0.4s)
[2026-10-05 17:17:44] [WARNING] DROWSINESS ALERT (0.5s)
[2026-10-05 17:17:44] [WARNING] CRITICAL ALERT: MICRO-SLEEP DETECTED
[2026-10-05 17:17:44] [CRITICAL] CRITICAL ALERT: MICRO-SLEEP DETECTED
[2026-10-05 17:17:45] [WARNING] DROWSINESS ALERT (0.6s)
[2026-10-05 17:17:45] [WARNING] DROWSINESS ALERT (0.0s)
[2026-10-05 17:17:46] [WARNING] DROWSINESS ALERT (0.1s)
[2026-10-05 17:17:46] [WARNING] DROWSINESS ALERT (0.2s)
[2026-10-05 17:17:46] [WARNING] DROWSINESS ALERT (0.3s)
[2026-10-05 17:17:47] [WARNING] DROWSINESS ALERT (0.4s)
[2026-10-05 17:17:47] [WARNING] DROWSINESS ALERT (0.5s)
[2026-10-05 17:17:47] [WARNING] CRITICAL ALERT: MICRO-SLEEP DETECTED
[2026-10-05 17:17:47] [CRITICAL] CRITICAL ALERT: MICRO-SLEEP DETECTED
[2026-10-05 17:17:47] [WARNING] DROWSINESS ALERT (0.6s)
[2026-10-05 17:17:47] [WARNING] DROWSINESS ALERT (0.0s)
[2026-10-05 17:17:47] [WARNING] DROWSINESS ALERT (0.1s)
[2026-10-05 17:17:48] [WARNING] DROWSINESS ALERT (0.2s)
[2026-10-05 17:17:48] [WARNING] DROWSINESS ALERT (0.3s)
[2026-10-05 17:17:48] [WARNING] DROWSINESS ALERT (0.4s)
[2026-10-05 17:17:48] [WARNING] DROWSINESS ALERT (0.5s)
[2026-10-05 17:17:48] [WARNING] CRITICAL ALERT: MICRO-SLEEP DETECTED
[2026-10-05 17:17:48] [CRITICAL] CRITICAL ALERT: MICRO-SLEEP DETECTED
[2026-10-05 17:17:48] [WARNING] DROWSINESS ALERT (0.6s)
[2026-10-05 17:17:48] [WARNING] DROWSINESS ALERT (0.7s)
[2026-10-05 17:17:48] [WARNING] DROWSINESS ALERT (0.8s)
[2026-10-05 17:17:48] [WARNING] DROWSINESS ALERT (0.9s)
[2026-10-05 17:17:48] [WARNING] DROWSINESS ALERT (1.0s)
[2026-10-05 17:17:48] [WARNING] DROWSINESS ALERT (1.1s)
[2026-10-05 17:17:49] [WARNING] DROWSINESS ALERT (1.2s)
[2026-10-05 17:17:49] [WARNING] DROWSINESS ALERT (1.3s)
[2026-10-05 17:17:49] [WARNING] DROWSINESS ALERT (1.4s)
[2026-10-05 17:17:49] [WARNING] DROWSINESS ALERT (1.5s)
[2026-10-05 17:17:49] [WARNING] DROWSINESS ALERT (1.6s)
[2026-10-05 17:17:49] [WARNING] DROWSINESS ALERT (1.7s)
[2026-10-05 17:17:49] [WARNING] DROWSINESS ALERT (1.8s)
[2026-10-05 17:17:49] [WARNING] DROWSINESS ALERT (1.9s)
[2026-10-05 17:17:49] [WARNING] DROWSINESS ALERT (2.0s)
[2026-10-05 17:17:49] [WARNING] DROWSINESS ALERT (2.1s)
[2026-10-05 17:17:50] [WARNING] DROWSINESS ALERT (2.2s)
[2026-10-05 17:17:50] [WARNING] DROWSINESS ALERT (2.3s)
[2026-10-05 17:17:50] [WARNING] DROWSINESS ALERT (2.4s)
[2026-10-05 17:17:50] [WARNING] DROWSINESS ALERT (2.5s)
[2026-10-05 17:17:50] [WARNING] DROWSINESS ALERT (2.6s)
[2026-10-05 17:17:50] [WARNING] DROWSINESS ALERT (2.7s)
[2026-10-05 17:17:50] [WARNING] DROWSINESS ALERT (2.8s)
[2026-10-05 17:17:50] [WARNING] DROWSINESS ALERT (2.9s)
[2026-10-05 17:17:50] [WARNING] DROWSINESS ALERT (3.0s)
[2026-10-05 17:17:50] [WARNING] DROWSINESS ALERT (3.1s)
[2026-10-05 17:17:51] [WARNING] DROWSINESS ALERT (3.2s)
[2026-10-05 17:17:51] [WARNING] DROWSINESS ALERT (3.3s)
[2026-10-05 17:17:51] [WARNING] DROWSINESS ALERT (3.4s)
[2026-10-05 17:17:51] [WARNING] DROWSINESS ALERT (3.5s)
[2026-10-05 17:17:51] [WARNING] DROWSINESS ALERT (3.6s)
[2026-10-05 17:17:51] [WARNING] DROWSINESS ALERT (3.7s)
[2026-10-05 17:17:51] [WARNING] DROWSINESS ALERT (3.8s)
[2026-10-05 17:17:51] [WARNING] DROWSINESS ALERT (3.9s)
[2026-10-05 17:17:51] [WARNING] DROWSINESS ALERT (4.0s)
[2026-10-05 17:17:51] [WARNING] DROWSINESS ALERT (4.1s)
[2026-10-05 17:17:52] [WARNING] DROWSINESS ALERT (4.2s)
[2026-10-05 17:17:52] [WARNING] DROWSINESS ALERT (4.3s)
[2026-10-05 17:17:52] [WARNING] DROWSINESS ALERT (4.4s)
[2026-10-05 17:17:52] [WARNING] DROWSINESS ALERT (4.5s)
[2026-10-05 17:17:52] [WARNING] DROWSINESS ALERT (4.6s)
[2026-10-05 17:17:52] [WARNING] DROWSINESS ALERT (4.7s)
[2026-10-05 17:17:52] [WARNING] DROWSINESS ALERT (4.8s)
[2026-10-05 17:17:52] [WARNING] DROWSINESS ALERT (4.9s)
[2026-10-05 17:17:52] [WARNING] DROWSINESS ALERT (5.0s)
[2026-10-05 17:17:52] [CRITICAL] CRITICAL DROWSINESS (5.0s)
[2026-10-05 17:17:52] [WARNING] DROWSINESS ALERT (5.1s)
[2026-10-05 17:17:52] [CRITICAL] CRITICAL DROWSINESS (5.1s)
[2026-10-05 17:17:53] [WARNING] DROWSINESS ALERT (5.2s)
[2026-10-05 17:17:53] [CRITICAL] CRITICAL DROWSINESS (5.2s)
[2026-10-05 17:17:53] [WARNING] DROWSINESS ALERT (5.3s)
[2026-10-05 17:17:53] [CRITICAL] CRITICAL DROWSINESS (5.3s)
[2026-10-05 17:17:53] [WARNING] DROWSINESS ALERT (5.4s)
[2026-10-05 17:17:53] [CRITICAL] CRITICAL DROWSINESS (5.4s)
[2026-10-05 17:17:53] [WARNING] DROWSINESS ALERT (5.5s)
[2026-10-05 17:17:53] [CRITICAL] CRITICAL DROWSINESS (5.5s)
[2026-10-05 17:17:53] [WARNING] DROWSINESS ALERT (5.6s)
[2026-10-05 17:17:53] [CRITICAL] CRITICAL DROWSINESS (5.6s)
[2026-10-05 17:17:53] [WARNING] DROWSINESS ALERT (5.7s)
[2026-10-05 17:17:53] [CRITICAL] CRITICAL DROWSINESS (5.7s)
[2026-10-05 17:17:53] [WARNING] DROWSINESS ALERT (5.8s)
[2026-10-05 17:17:53] [CRITICAL] CRITICAL DROWSINESS (5.8s)
[2026-10-05 17:17:53] [WARNING] DROWSINESS ALERT (5.9s)
[2026-10-05 17:17:53] [CRITICAL] CRITICAL DROWSINESS (5.9s)
[2026-10-05 17:17:53] [WARNING] DROWSINESS ALERT (6.0s)
[2026-10-05 17:17:53] [CRITICAL] CRITICAL DROWSINESS (6.0s)
[2026-10-05 17:17:53] [WARNING] DROWSINESS ALERT (6.1s)
[2026-10-05 17:17:53] [CRITICAL] CRITICAL DROWSINESS (6.1s)
[2026-10-05 17:17:54] [WARNING] DROWSINESS ALERT (6.2s)
[2026-10-05 17:17:54] [CRITICAL] CRITICAL DROWSINESS (6.2s)
[2026-10-05 17:17:54] [WARNING] DROWSINESS ALERT (6.3s)
[2026-10-05 17:17:54] [CRITICAL] CRITICAL DROWSINESS (6.3s)
[2026-10-05 17:17:54] [WARNING] DROWSINESS ALERT (6.4s)
[2026-10-05 17:17:54] [CRITICAL] CRITICAL DROWSINESS (6.4s)
[2026-10-05 17:17:54] [WARNING] DROWSINESS ALERT (6.5s)
[2026-10-05 17:17:54] [CRITICAL] CRITICAL DROWSINESS (6.5s)
[2026-10-05 17:17:54] [WARNING] DROWSINESS ALERT (6.6s)
[2026-10-05 17:17:54] [CRITICAL] CRITICAL DROWSINESS (6.6s)
[2026-10-05 17:17:54] [WARNING] DROWSINESS ALERT (6.7s)
[2026-10-05 17:17:54] [CRITICAL] CRITICAL DROWSINESS (6.7s)
[2026-10-05 17:17:54] [WARNING] DROWSINESS ALERT (6.8s)
[2026-10-05 17:17:54] [CRITICAL] CRITICAL DROWSINESS (6.8s)
[2026-10-05 17:17:54] [WARNING] DROWSINESS ALERT (6.9s)
[2026-10-05 17:17:54] [CRITICAL] CRITICAL DROWSINESS (6.9s)
[2026-10-05 17:17:54] [WARNING] DROWSINESS ALERT (7.0s)
[2026-10-05 17:17:54] [CRITICAL] CRITICAL DROWSINESS (7.0s)
[2026-10-05 17:17:54] [WARNING] DROWSINESS ALERT (7.1s)
[2026-10-05 17:17:54] [CRITICAL] CRITICAL DROWSINESS (7.1s)
[2026-10-05 17:17:55] [WARNING] DROWSINESS ALERT (7.2s)
[2026-10-05 17:17:55] [CRITICAL] CRITICAL DROWSINESS (7.2s)
[2026-10-05 17:17:55] [WARNING] DROWSINESS ALERT (7.3s)
[2026-10-05 17:17:55] [CRITICAL] CRITICAL DROWSINESS (7.3s)
[2026-10-05 17:17:55] [WARNING] DROWSINESS ALERT (7.4s)
[2026-10-05 17:17:55] [CRITICAL] CRITICAL DROWSINESS (7.4s)
[2026-10-05 17:17:55] [WARNING] DROWSINESS ALERT (7.5s)
[2026-10-05 17:17:55] [CRITICAL] CRITICAL DROWSINESS (7.5s)
[2026-10-05 17:17:55] [WARNING] DROWSINESS ALERT (7.6s)
[2026-10-05 17:17:55] [CRITICAL] CRITICAL DROWSINESS (7.6s)
[2026-10-05 17:17:55] [WARNING] DROWSINESS ALERT (7.7s)
[2026-10-05 17:17:55] [CRITICAL] CRITICAL DROWSINESS (7.7s)
[2026-10-05 17:17:55] [WARNING] DROWSINESS ALERT (7.8s)
[2026-10-05 17:17:55] [CRITICAL] CRITICAL DROWSINESS (7.8s)
[2026-10-05 17:17:55] [WARNING] DROWSINESS ALERT (7.9s)
[2026-10-05 17:17:55] [CRITICAL] CRITICAL DROWSINESS (7.9s)
[2026-10-05 17:17:55] [WARNING] DROWSINESS ALERT (8.0s)
[2026-10-05 17:17:55] [CRITICAL] CRITICAL DROWSINESS (8.0s)
[2026-10-05 17:17:55] [WARNING] DROWSINESS ALERT (0.0s)
[2026-10-05 17:17:58] [WARNING] DROWSINESS ALERT (0.1s)
[2026-10-05 17:17:58] [WARNING] DROWSINESS ALERT (0.2s)
[2026-10-05 17:17:58] [WARNING] DROWSINESS ALERT (0.3s)
[2026-10-05 17:17:58] [WARNING] DROWSINESS ALERT (0.4s)
[2026-10-05 17:17:58] [WARNING] DROWSINESS ALERT (0.5s)
[2026-10-05 17:17:58] [WARNING] CRITICAL ALERT: MICRO-SLEEP DETECTED
[2026-10-05 17:17:58] [CRITICAL] CRITICAL ALERT: MICRO-SLEEP DETECTED
[2026-10-05 17:17:58] [WARNING] DROWSINESS ALERT (0.6s)
[2026-10-05 17:17:58] [WARNING] DROWSINESS ALERT (0.7s)
[2026-10-05 17:17:58] [WARNING] DROWSINESS ALERT (0.8s)
[2026-10-05 17:17:59] [WARNING] DROWSINESS ALERT (0.9s)
[2026-10-05 17:17:59] [WARNING] DROWSINESS ALERT (1.0s)
[2026-10-05 17:17:59] [WARNING] DROWSINESS ALERT (1.1s)
[2026-10-05 17:17:59] [WARNING] DROWSINESS ALERT (1.2s)
[2026-10-05 17:17:59] [WARNING] DROWSINESS ALERT (1.3s)
[2026-10-05 17:17:59] [WARNING] DROWSINESS ALERT (0.0s)
[2026-10-05 17:17:59] [WARNING] DROWSINESS ALERT (0.1s)
[2026-10-05 17:17:59] [WARNING] DROWSINESS ALERT (0.2s)
[2026-10-05 17:17:59] [WARNING] DROWSINESS ALERT (0.3s)
[2026-10-05 17:17:59] [WARNING] DROWSINESS ALERT (0.4s)
[2026-10-05 17:18:00] [WARNING] DROWSINESS ALERT (0.5s)
[2026-10-05 17:18:00] [WARNING] CRITICAL ALERT: MICRO-SLEEP DETECTED
[2026-10-05 17:18:00] [CRITICAL] CRITICAL ALERT: MICRO-SLEEP DETECTED
[2026-10-05 17:18:00] [WARNING] DROWSINESS ALERT (0.6s)
[2026-10-05 17:18:00] [WARNING] DROWSINESS ALERT (0.7s)
[2026-10-05 17:18:00] [WARNING] DROWSINESS ALERT (0.8s)
[2026-10-05 17:18:00] [WARNING] DROWSINESS ALERT (0.9s)
[2026-10-05 17:18:00] [WARNING] DROWSINESS ALERT (1.0s)
[2026-10-05 17:18:00] [WARNING] DROWSINESS ALERT (1.1s)
[2026-10-05 17:18:00] [WARNING] DROWSINESS ALERT (1.2s)
[2026-10-05 17:18:00] [WARNING] DROWSINESS ALERT (1.3s)
[2026-10-05 17:18:00] [WARNING] DROWSINESS ALERT (1.4s)
[2026-10-05 17:18:01] [WARNING] DROWSINESS ALERT (1.5s)
[2026-10-05 17:18:01] [WARNING] DROWSINESS ALERT (1.6s)
[2026-10-05 17:18:01] [WARNING] DROWSINESS ALERT (1.7s)
[2026-10-05 17:18:01] [WARNING] DROWSINESS ALERT (1.8s)
[2026-10-05 17:18:01] [WARNING] DROWSINESS ALERT (1.9s)
[2026-10-05 17:18:01] [WARNING] DROWSINESS ALERT (2.0s)
[2026-10-05 17:18:01] [WARNING] DROWSINESS ALERT (2.1s)
[2026-10-05 17:18:01] [WARNING] DROWSINESS ALERT (2.2s)
[2026-10-05 17:18:01] [WARNING] DROWSINESS ALERT (2.3s)
[2026-10-05 17:18:01] [WARNING] DROWSINESS ALERT (2.4s)
[2026-10-05 17:18:02] [WARNING] DROWSINESS ALERT (2.5s)
[2026-10-05 17:18:02] [WARNING] DROWSINESS ALERT (2.6s)
[2026-10-05 17:18:02] [WARNING] DROWSINESS ALERT (2.7s)
[2026-10-05 17:18:02] [WARNING] DROWSINESS ALERT (2.8s)
[2026-10-05 17:18:02] [WARNING] DROWSINESS ALERT (2.9s)
[2026-10-05 17:18:02] [WARNING] DROWSINESS ALERT (3.0s)
[2026-10-05 17:18:02] [WARNING] DROWSINESS ALERT (3.1s)
[2026-10-05 17:18:02] [WARNING] DROWSINESS ALERT (3.2s)
[2026-10-05 17:18:02] [WARNING] DROWSINESS ALERT (3.3s)
[2026-10-05 17:18:02] [WARNING] DROWSINESS ALERT (3.4s)
[2026-10-05 17:18:03] [WARNING] DROWSINESS ALERT (3.5s)
[2026-10-05 17:18:03] [WARNING] DROWSINESS ALERT (3.6s)
[2026-10-05 17:18:03] [WARNING] DROWSINESS ALERT (3.7s)
[2026-10-05 17:18:03] [WARNING] DROWSINESS ALERT (0.0s)
[2026-10-05 17:18:06] [WARNING] DROWSINESS ALERT (0.1s)
[2026-10-05 17:18:06] [WARNING] DROWSINESS ALERT (0.2s)
[2026-10-05 17:18:06] [WARNING] DROWSINESS ALERT (0.3s)
[2026-10-05 17:18:06] [WARNING] DROWSINESS ALERT (0.4s)
[2026-10-05 17:18:06] [WARNING] DROWSINESS ALERT (0.5s)
[2026-10-05 17:18:06] [WARNING] CRITICAL ALERT: MICRO-SLEEP DETECTED
[2026-10-05 17:18:06] [CRITICAL] CRITICAL ALERT: MICRO-SLEEP DETECTED
[2026-10-05 17:18:06] [WARNING] DROWSINESS ALERT (0.6s)
[2026-10-05 17:18:06] [WARNING] DROWSINESS ALERT (0.7s)
[2026-10-05 17:18:06] [WARNING] DROWSINESS ALERT (0.8s)
[2026-10-05 17:18:06] [WARNING] DROWSINESS ALERT (0.9s)
[2026-10-05 17:18:06] [WARNING] DROWSINESS ALERT (1.0s)
[2026-10-05 17:18:07] [WARNING] DROWSINESS ALERT (1.1s)
[2026-10-05 17:18:07] [WARNING] DROWSINESS ALERT (1.2s)
[2026-10-05 17:18:07] [WARNING] DROWSINESS ALERT (1.3s)
[2026-10-05 17:18:07] [WARNING] DROWSINESS ALERT (1.4s)
[2026-10-05 17:18:07] [WARNING] DROWSINESS ALERT (1.5s)
[2026-10-05 17:18:07] [WARNING] DROWSINESS ALERT (1.6s)
[2026-10-05 17:18:07] [WARNING] DROWSINESS ALERT (1.7s)
[2026-10-05 17:18:07] [WARNING] DROWSINESS ALERT (1.8s)
[2026-10-05 17:18:07] [WARNING] DROWSINESS ALERT (1.9s)
[2026-10-05 17:18:07] [WARNING] DROWSINESS ALERT (2.0s)
[2026-10-05 17:18:08] [WARNING] DROWSINESS ALERT (2.1s)
[2026-10-05 17:18:08] [WARNING] DROWSINESS ALERT (2.2s)
[2026-10-05 17:18:08] [WARNING] DROWSINESS ALERT (2.3s)
[2026-10-05 17:18:08] [WARNING] DROWSINESS ALERT (2.4s)
[2026-10-05 17:18:08] [WARNING] DROWSINESS ALERT (2.5s)
[2026-10-05 17:18:08] [WARNING] DROWSINESS ALERT (2.6s)
[2026-10-05 17:18:08] [WARNING] DROWSINESS ALERT (2.7s)
[2026-10-05 17:18:08] [WARNING] DROWSINESS ALERT (2.8s)
[2026-10-05 17:18:08] [WARNING] DROWSINESS ALERT (2.9s)
[2026-10-05 17:18:08] [WARNING] DROWSINESS ALERT (3.0s)
[2026-10-05 17:18:09] [WARNING] DROWSINESS ALERT (3.1s)
[2026-10-05 17:18:09] [WARNING] DROWSINESS ALERT (3.2s)
[2026-10-05 17:18:09] [WARNING] DROWSINESS ALERT (3.3s)
[2026-10-05 17:18:09] [WARNING] DROWSINESS ALERT (3.4s)
[2026-10-05 17:18:09] [WARNING] DROWSINESS ALERT (3.5s)
[2026-10-05 17:18:09] [WARNING] DROWSINESS ALERT (3.6s)
[2026-10-05 17:18:09] [WARNING] DROWSINESS ALERT (0.0s)
[2026-10-05 17:18:10] [WARNING] DROWSINESS ALERT (0.1s)
[2026-10-05 17:18:11] [WARNING] DROWSINESS ALERT (0.2s)
[2026-10-05 17:18:11] [WARNING] DROWSINESS ALERT (0.3s)
[2026-10-05 17:18:11] [WARNING] DROWSINESS ALERT (0.0s)
[2026-10-05 17:18:11] [WARNING] DROWSINESS ALERT (0.1s)
[2026-10-05 17:18:11] [WARNING] DROWSINESS ALERT (0.0s)
[2026-10-05 17:18:11] [WARNING] DROWSINESS ALERT (0.1s)
[2026-10-05 17:18:12] [WARNING] DROWSINESS ALERT (0.0s)
[2026-10-05 17:18:12] [WARNING] DROWSINESS ALERT (0.1s)
[2026-10-05 17:18:12] [WARNING] DROWSINESS ALERT (0.0s)
[2026-10-05 17:18:13] [WARNING] DROWSINESS ALERT (0.1s)
[2026-10-05 17:18:13] [WARNING] DROWSINESS ALERT (0.0s)
[2026-10-05 17:18:16] [WARNING] DROWSINESS ALERT (0.1s)
[2026-10-05 17:18:16] [WARNING] DROWSINESS ALERT (0.2s)
[2026-10-05 17:18:16] [WARNING] DROWSINESS ALERT (0.3s)
[2026-10-05 17:18:16] [WARNING] DROWSINESS ALERT (0.4s)
[2026-10-05 17:18:16] [WARNING] DROWSINESS ALERT (0.5s)
[2026-10-05 17:18:16] [WARNING] DROWSINESS ALERT (0.6s)
[2026-10-05 17:18:16] [WARNING] CRITICAL ALERT: MICRO-SLEEP DETECTED
[2026-10-05 17:18:16] [CRITICAL] CRITICAL ALERT: MICRO-SLEEP DETECTED
[2026-10-05 17:18:16] [WARNING] DROWSINESS ALERT (0.7s)
[2026-10-05 17:18:16] [WARNING] DROWSINESS ALERT (0.8s)
[2026-10-05 17:18:16] [WARNING] DROWSINESS ALERT (0.9s)
[2026-10-05 17:18:17] [WARNING] DROWSINESS ALERT (1.0s)
[2026-10-05 17:18:17] [WARNING] DROWSINESS ALERT (1.1s)
[2026-10-05 17:18:17] [WARNING] DROWSINESS ALERT (1.2s)
[2026-10-05 17:18:17] [WARNING] DROWSINESS ALERT (1.3s)
[2026-10-05 17:18:17] [WARNING] DROWSINESS ALERT (1.4s)
[2026-10-05 17:18:17] [WARNING] DROWSINESS ALERT (1.5s)
[2026-10-05 17:18:17] [WARNING] DROWSINESS ALERT (1.6s)
[2026-10-05 17:18:17] [WARNING] DROWSINESS ALERT (1.7s)
[2026-10-05 17:18:17] [WARNING] DROWSINESS ALERT (1.8s)
[2026-10-05 17:18:17] [WARNING] DROWSINESS ALERT (1.9s)
[2026-10-05 17:18:18] [WARNING] DROWSINESS ALERT (2.0s)
[2026-10-05 17:18:18] [WARNING] DROWSINESS ALERT (2.1s)
[2026-10-05 17:18:18] [WARNING] DROWSINESS ALERT (2.2s)
[2026-10-05 17:18:18] [WARNING] DROWSINESS ALERT (2.3s)
[2026-10-05 17:18:18] [WARNING] DROWSINESS ALERT (2.4s)
[2026-10-05 17:18:18] [WARNING] DROWSINESS ALERT (2.5s)
[2026-10-05 17:18:18] [WARNING] DROWSINESS ALERT (2.6s)
[2026-10-05 17:18:18] [WARNING] DROWSINESS ALERT (2.7s)
[2026-10-05 17:18:18] [WARNING] DROWSINESS ALERT (2.8s)
[2026-10-05 17:18:18] [WARNING] DROWSINESS ALERT (2.9s)
[2026-10-05 17:18:19] [WARNING] DROWSINESS ALERT (3.0s)
[2026-10-05 17:18:19] [WARNING] DROWSINESS ALERT (3.1s)
[2026-10-05 17:18:19] [WARNING] DROWSINESS ALERT (3.2s)
[2026-10-05 17:18:19] [WARNING] DROWSINESS ALERT (3.3s)
[2026-10-05 17:18:19] [WARNING] DROWSINESS ALERT (3.4s)
[2026-10-05 17:18:19] [WARNING] DROWSINESS ALERT (3.5s)
[2026-10-05 17:18:19] [WARNING] DROWSINESS ALERT (3.6s)
[2026-10-05 17:18:19] [WARNING] DROWSINESS ALERT (3.7s)
[2026-10-05 17:18:19] [WARNING] DROWSINESS ALERT (3.8s)
[2026-10-05 17:18:19] [WARNING] DROWSINESS ALERT (3.9s)
[2026-10-05 17:18:20] [WARNING] DROWSINESS ALERT (4.0s)
[2026-10-05 17:18:20] [WARNING] DROWSINESS ALERT (4.1s)
[2026-10-05 17:18:20] [WARNING] DROWSINESS ALERT (4.2s)
[2026-10-05 17:18:20] [WARNING] DROWSINESS ALERT (4.3s)
[2026-10-05 17:18:20] [WARNING] DROWSINESS ALERT (4.4s)
[2026-10-05 17:18:20] [WARNING] DROWSINESS ALERT (0.0s)
[2026-10-05 17:18:22] [WARNING] DROWSINESS ALERT (0.1s)
[2026-10-05 17:18:22] [WARNING] DROWSINESS ALERT (0.2s)
[2026-10-05 17:18:22] [WARNING] DROWSINESS ALERT (0.0s)
[2026-10-05 17:18:22] [WARNING] DROWSINESS ALERT (0.1s)
[2026-10-05 17:18:22] [WARNING] DROWSINESS ALERT (0.2s)
[2026-10-05 17:18:22] [WARNING] DROWSINESS ALERT (0.3s)
[2026-10-05 17:18:22] [WARNING] DROWSINESS ALERT (0.4s)
[2026-10-05 17:18:22] [WARNING] DROWSINESS ALERT (0.5s)
[2026-10-05 17:18:22] [WARNING] CRITICAL ALERT: MICRO-SLEEP DETECTED
[2026-10-05 17:18:22] [CRITICAL] CRITICAL ALERT: MICRO-SLEEP DETECTED
[2026-10-05 17:18:23] [WARNING] DROWSINESS ALERT (0.6s)
[2026-10-05 17:18:23] [WARNING] DROWSINESS ALERT (0.7s)
[2026-10-05 17:18:23] [WARNING] DROWSINESS ALERT (0.8s)
[2026-10-05 17:18:23] [WARNING] DROWSINESS ALERT (0.9s)
[2026-10-05 17:18:23] [WARNING] DROWSINESS ALERT (1.0s)
[2026-10-05 17:18:23] [WARNING] DROWSINESS ALERT (1.1s)
[2026-10-05 17:18:23] [WARNING] DROWSINESS ALERT (1.2s)
[2026-10-05 17:18:23] [WARNING] DROWSINESS ALERT (1.3s)
[2026-10-05 17:18:23] [WARNING] DROWSINESS ALERT (1.4s)
[2026-10-05 17:18:23] [WARNING] DROWSINESS ALERT (0.0s)
[2026-10-05 17:18:24] [WARNING] DROWSINESS ALERT (0.1s)
[2026-10-05 17:18:24] [WARNING] DROWSINESS ALERT (0.2s)
[2026-10-05 17:18:25] [WARNING] DROWSINESS ALERT (0.3s)
[2026-10-05 17:18:25] [WARNING] DROWSINESS ALERT (0.4s)
[2026-10-05 17:18:25] [WARNING] DROWSINESS ALERT (0.5s)
[2026-10-05 17:18:25] [WARNING] DROWSINESS ALERT (0.6s)
[2026-10-05 17:18:25] [WARNING] CRITICAL ALERT: MICRO-SLEEP DETECTED
[2026-10-05 17:18:25] [CRITICAL] CRITICAL ALERT: MICRO-SLEEP DETECTED
[2026-10-05 17:18:25] [WARNING] DROWSINESS ALERT (0.7s)
[2026-10-05 17:18:25] [WARNING] DROWSINESS ALERT (0.8s)
[2026-10-05 17:18:25] [WARNING] DROWSINESS ALERT (0.9s)
[2026-10-05 17:18:25] [WARNING] DROWSINESS ALERT (1.0s)
[2026-10-05 17:18:25] [WARNING] DROWSINESS ALERT (1.1s)
[2026-10-05 17:18:25] [WARNING] DROWSINESS ALERT (1.2s)
[2026-10-05 17:18:26] [WARNING] DROWSINESS ALERT (1.3s)
[2026-10-05 17:18:26] [WARNING] DROWSINESS ALERT (1.4s)
[2026-10-05 17:18:26] [WARNING] DROWSINESS ALERT (1.5s)
[2026-10-05 17:18:26] [WARNING] DROWSINESS ALERT (1.6s)
[2026-10-05 17:18:26] [WARNING] DROWSINESS ALERT (1.7s)
[2026-10-05 17:18:26] [WARNING] DROWSINESS ALERT (1.8s)
[2026-10-05 17:18:26] [WARNING] DROWSINESS ALERT (1.9s)
[2026-10-05 17:18:26] [WARNING] DROWSINESS ALERT (2.0s)
[2026-10-05 17:18:26] [WARNING] DROWSINESS ALERT (2.1s)
[2026-10-05 17:18:26] [WARNING] DROWSINESS ALERT (2.2s)
[2026-10-05 17:18:27] [WARNING] DROWSINESS ALERT (2.3s)
[2026-10-05 17:18:27] [WARNING] DROWSINESS ALERT (2.4s)
[2026-10-05 17:18:27] [WARNING] DROWSINESS ALERT (2.5s)
[2026-10-05 17:18:27] [WARNING] DROWSINESS ALERT (2.6s)
[2026-10-05 17:18:27] [WARNING] DROWSINESS ALERT (2.7s)
[2026-10-05 17:18:27] [WARNING] DROWSINESS ALERT (2.8s)
[2026-10-05 17:18:27] [WARNING] DROWSINESS ALERT (2.9s)
[2026-10-05 17:18:27] [WARNING] DROWSINESS ALERT (3.0s)
[2026-10-05 17:18:27] [WARNING] DROWSINESS ALERT (3.1s)
[2026-10-05 17:18:27] [WARNING] DROWSINESS ALERT (3.2s)
[2026-10-05 17:18:28] [WARNING] DROWSINESS ALERT (3.3s)
[2026-10-05 17:18:28] [WARNING] DROWSINESS ALERT (3.4s)
[2026-10-05 17:18:28] [WARNING] DROWSINESS ALERT (3.5s)
[2026-10-05 17:18:28] [WARNING] DROWSINESS ALERT (3.6s)
[2026-10-05 17:18:28] [WARNING] DROWSINESS ALERT (3.7s)
[2026-10-05 17:18:28] [WARNING] DROWSINESS ALERT (3.8s)
[2026-10-05 17:18:28] [WARNING] DROWSINESS ALERT (3.9s)
[2026-10-05 17:18:28] [WARNING] DROWSINESS ALERT (4.0s)
[2026-10-05 17:18:28] [WARNING] DROWSINESS ALERT (4.1s)
[2026-10-05 17:18:28] [WARNING] DROWSINESS ALERT (4.2s)
[2026-10-05 17:18:29] [WARNING] DROWSINESS ALERT (4.3s)
[2026-10-05 17:18:29] [WARNING] DROWSINESS ALERT (4.4s)
[2026-10-05 17:18:29] [WARNING] DROWSINESS ALERT (4.5s)
[2026-10-05 17:18:29] [WARNING] DROWSINESS ALERT (4.6s)
[2026-10-05 17:18:29] [WARNING] DROWSINESS ALERT (4.7s)
[2026-10-05 17:18:29] [WARNING] DROWSINESS ALERT (4.8s)
[2026-10-05 17:18:29] [WARNING] DROWSINESS ALERT (4.9s)
[2026-10-05 17:18:29] [WARNING] DROWSINESS ALERT (5.0s)
[2026-10-05 17:18:29] [CRITICAL] CRITICAL DROWSINESS (5.0s)
[2026-10-05 17:18:29] [WARNING] DROWSINESS ALERT (5.1s)
[2026-10-05 17:18:29] [CRITICAL] CRITICAL DROWSINESS (5.1s)
[2026-10-05 17:18:29] [WARNING] DROWSINESS ALERT (5.2s)
[2026-10-05 17:18:29] [CRITICAL] CRITICAL DROWSINESS (5.2s)
[2026-10-05 17:18:30] [WARNING] DROWSINESS ALERT (5.3s)
[2026-10-05 17:18:30] [CRITICAL] CRITICAL DROWSINESS (5.3s)
[2026-10-05 17:18:30] [WARNING] DROWSINESS ALERT (0.0s)
[2026-10-05 17:18:30] [WARNING] DROWSINESS ALERT (0.1s)
[2026-10-05 17:18:30] [WARNING] DROWSINESS ALERT (0.2s)
[2026-10-05 17:18:30] [WARNING] DROWSINESS ALERT (0.3s)
[2026-10-05 17:18:30] [WARNING] DROWSINESS ALERT (0.0s)
[2026-10-05 17:18:30] [WARNING] DROWSINESS ALERT (0.1s)
[2026-10-05 17:18:30] [WARNING] DROWSINESS ALERT (0.2s)
[2026-10-05 17:18:31] [WARNING] DROWSINESS ALERT (0.3s)
[2026-10-05 17:18:31] [WARNING] DROWSINESS ALERT (0.4s)
[2026-10-05 17:18:31] [WARNING] DROWSINESS ALERT (0.5s)
[2026-10-05 17:18:31] [WARNING] DROWSINESS ALERT (0.0s)
[2026-10-05 17:18:32] [WARNING] DROWSINESS ALERT (0.1s)
[2026-10-05 17:18:32] [WARNING] DROWSINESS ALERT (0.2s)
[2026-10-05 17:18:32] [WARNING] DROWSINESS ALERT (0.3s)
[2026-10-05 17:18:32] [WARNING] DROWSINESS ALERT (0.4s)
[2026-10-05 17:18:33] [WARNING] DROWSINESS ALERT (0.5s)
[2026-10-05 17:18:33] [WARNING] CRITICAL ALERT: MICRO-SLEEP DETECTED
[2026-10-05 17:18:33] [CRITICAL] CRITICAL ALERT: MICRO-SLEEP DETECTED
[2026-10-05 17:18:33] [WARNING] DROWSINESS ALERT (0.6s)
[2026-10-05 17:18:33] [WARNING] DROWSINESS ALERT (0.0s)
[2026-10-05 17:18:33] [WARNING] DROWSINESS ALERT (0.1s)
[2026-10-05 17:18:33] [WARNING] DROWSINESS ALERT (0.2s)
[2026-10-05 17:18:33] [WARNING] DROWSINESS ALERT (0.3s)
[2026-10-05 17:18:33] [WARNING] DROWSINESS ALERT (0.4s)
[2026-10-05 17:18:33] [WARNING] DROWSINESS ALERT (0.5s)
[2026-10-05 17:18:33] [WARNING] CRITICAL ALERT: MICRO-SLEEP DETECTED
[2026-10-05 17:18:33] [CRITICAL] CRITICAL ALERT: MICRO-SLEEP DETECTED
[2026-10-05 17:18:34] [WARNING] DROWSINESS ALERT (0.6s)
[2026-10-05 17:18:34] [WARNING] DROWSINESS ALERT (0.7s)
[2026-10-05 17:18:34] [WARNING] DROWSINESS ALERT (0.0s)
[2026-10-05 17:18:43] [WARNING] DROWSINESS ALERT (0.0s)
[2026-10-05 17:18:43] [WARNING] WARNING: HIGH STRESS / ANGER DETECTED
[2026-10-05 17:18:43] [WARNING] DROWSINESS ALERT (0.0s)
[2026-10-05 17:18:43] [WARNING] WARNING: HIGH STRESS / ANGER DETECTED
[2026-10-05 17:18:44] [WARNING] DROWSINESS ALERT (0.1s)
[2026-10-05 17:18:44] [WARNING] DROWSINESS ALERT (0.0s)
[2026-10-05 17:18:47] [WARNING] DROWSINESS ALERT (0.1s)
[2026-10-05 17:18:47] [WARNING] DROWSINESS ALERT (0.0s)
[2026-10-05 17:18:48] [WARNING] DROWSINESS ALERT (0.1s)
[2026-10-05 17:18:48] [WARNING] DROWSINESS ALERT (0.0s)
[2026-10-05 17:18:54] [WARNING] GAZE DISTRACTION ALERT (2.0s)
[2026-10-05 17:18:54] [WARNING] GAZE DISTRACTION ALERT (2.1s)
[2026-10-05 17:18:54] [WARNING] GAZE DISTRACTION ALERT (2.2s)
[2026-10-05 17:18:54] [WARNING] GAZE DISTRACTION ALERT (2.3s)
[2026-10-05 17:18:55] [WARNING] GAZE DISTRACTION ALERT (2.4s)
[2026-10-05 17:18:55] [WARNING] GAZE DISTRACTION ALERT (2.5s)
[2026-10-05 17:18:55] [WARNING] GAZE DISTRACTION ALERT (2.6s)
[2026-10-05 17:19:01] [WARNING] DROWSINESS ALERT (0.1s)
[2026-10-05 17:19:01] [WARNING] DROWSINESS ALERT (0.0s)
[2026-10-05 17:19:09] [WARNING] DROWSINESS ALERT (0.1s)
[2026-10-05 17:19:10] [WARNING] DROWSINESS ALERT (0.0s)
[2026-10-05 17:19:10] [WARNING] DROWSINESS ALERT (0.0s)
[2026-10-05 17:19:10] [WARNING] WARNING: HIGH STRESS / ANGER DETECTED
[2026-10-05 17:19:10] [WARNING] DROWSINESS ALERT (0.0s)
[2026-10-05 17:19:10] [WARNING] WARNING: HIGH STRESS / ANGER DETECTED
[2026-10-05 17:19:11] [WARNING] DROWSINESS ALERT (0.0s)
[2026-10-05 17:19:11] [WARNING] WARNING: HIGH STRESS / ANGER DETECTED
[2026-10-05 17:19:11] [WARNING] DROWSINESS ALERT (0.0s)
[2026-10-05 17:19:11] [WARNING] WARNING: HIGH STRESS / ANGER DETECTED
[2026-10-05 17:19:11] [WARNING] DROWSINESS ALERT (0.0s)
[2026-10-05 17:19:11] [WARNING] WARNING: HIGH STRESS / ANGER DETECTED
[2026-10-05 17:19:13] [WARNING] DROWSINESS ALERT (0.0s)
[2026-10-05 17:19:13] [WARNING] WARNING: HIGH STRESS / ANGER DETECTED
[2026-10-05 17:19:14] [WARNING] DROWSINESS ALERT (0.1s)
[2026-10-05 17:19:14] [WARNING] DROWSINESS ALERT (0.0s)
[2026-10-05 17:19:16] [WARNING] GAZE DISTRACTION ALERT (2.0s)
[2026-10-05 17:19:16] [WARNING] GAZE DISTRACTION ALERT (2.1s)
[2026-10-05 17:19:16] [WARNING] GAZE DISTRACTION ALERT (2.2s)
[2026-10-05 17:19:16] [WARNING] GAZE DISTRACTION ALERT (2.4s)
[2026-10-05 17:19:16] [WARNING] GAZE DISTRACTION ALERT (2.5s)
[2026-10-05 17:19:16] [WARNING] GAZE DISTRACTION ALERT (2.6s)
[2026-10-05 17:19:18] [WARNING] DROWSINESS ALERT (0.1s)
[2026-10-05 17:19:18] [WARNING] DROWSINESS ALERT (0.2s)
[2026-10-05 17:19:18] [WARNING] DROWSINESS ALERT (0.3s)
[2026-10-05 17:19:19] [WARNING] DROWSINESS ALERT (0.0s)
[2026-10-05 17:19:20] [WARNING] DROWSINESS ALERT (0.1s)
[2026-10-05 17:19:20] [WARNING] DROWSINESS ALERT (0.2s)
[2026-10-05 17:19:20] [WARNING] DROWSINESS ALERT (0.0s)
[2026-10-05 17:19:20] [WARNING] DROWSINESS ALERT (0.1s)
[2026-10-05 17:19:20] [WARNING] DROWSINESS ALERT (0.0s)
[2026-10-05 17:19:23] [WARNING] DROWSINESS ALERT (0.1s)
[2026-10-05 17:19:23] [WARNING] DROWSINESS ALERT (0.0s)
[2026-10-05 17:19:42] [WARNING] GAZE DISTRACTION ALERT (2.0s)
[2026-10-05 17:19:42] [WARNING] GAZE DISTRACTION ALERT (2.1s)
[2026-10-05 17:19:42] [WARNING] GAZE DISTRACTION ALERT (2.2s)
[2026-10-05 17:19:43] [WARNING] GAZE DISTRACTION ALERT (2.3s)
[2026-10-05 17:19:45] [WARNING] GAZE DISTRACTION ALERT (2.0s)
[2026-10-05 17:19:45] [WARNING] GAZE DISTRACTION ALERT (2.1s)
[2026-10-05 17:19:45] [WARNING] GAZE DISTRACTION ALERT (2.2s)
[2026-10-05 17:19:45] [WARNING] GAZE DISTRACTION ALERT (2.3s)
[2026-10-05 17:19:45] [WARNING] GAZE DISTRACTION ALERT (2.4s)
[2026-10-05 17:19:45] [WARNING] GAZE DISTRACTION ALERT (2.5s)
[2026-10-05 17:19:46] [WARNING] GAZE DISTRACTION ALERT (2.6s)
[2026-10-05 17:19:49] [WARNING] GAZE DISTRACTION ALERT (2.0s)
[2026-10-05 17:19:49] [WARNING] GAZE DISTRACTION ALERT (2.1s)
[2026-10-05 17:19:49] [WARNING] GAZE DISTRACTION ALERT (2.2s)
[2026-10-05 17:19:49] [WARNING] GAZE DISTRACTION ALERT (2.3s)
[2026-10-05 17:19:49] [WARNING] GAZE DISTRACTION ALERT (2.4s)
[2026-10-05 17:19:50] [WARNING] GAZE DISTRACTION ALERT (2.5s)
[2026-10-05 17:20:28] [WARNING] WARNING: HIGHWAY HYPNOSIS (No blinks > 15s)
[2026-10-05 17:20:52] [WARNING] DROWSINESS ALERT (0.6s)
[2026-10-05 17:20:52] [WARNING] CRITICAL ALERT: MICRO-SLEEP DETECTED
[2026-10-05 17:20:52] [CRITICAL] CRITICAL ALERT: MICRO-SLEEP DETECTED
[2026-10-05 17:20:52] [CRITICAL] Dispatching emergency SMS to 1 contact(s)...
[2026-10-05 17:20:52] [INFO] [SIMULATED SMS] To: Emergency Helpline (+18005550199) | Body:
[DMS CRITICAL ALERT] Driver requires immediate attention!
Event: CRITICAL ALERT: MICRO-SLEEP DETECTED
Timestamp: 2026-10-05 17:20:52
Please verify driver safety immediately.
[2026-10-05 17:20:52] [WARNING] DROWSINESS ALERT (0.7s)
[2026-10-05 17:20:52] [WARNING] DROWSINESS ALERT (0.8s)
[2026-10-05 17:20:52] [WARNING] DROWSINESS ALERT (0.9s)
[2026-10-05 17:20:52] [WARNING] DROWSINESS ALERT (1.0s)
[2026-10-05 17:20:53] [WARNING] DROWSINESS ALERT (1.2s)
[2026-10-05 17:20:53] [WARNING] DROWSINESS ALERT (1.3s)
[2026-10-05 17:20:53] [WARNING] DROWSINESS ALERT (1.4s)
[2026-10-05 17:20:53] [WARNING] DROWSINESS ALERT (1.5s)
[2026-10-05 17:20:53] [WARNING] DROWSINESS ALERT (1.6s)
[2026-10-05 17:20:53] [WARNING] DROWSINESS ALERT (1.7s)
[2026-10-05 17:21:02] [WARNING] BEHAVIOR ALERT: PHONE (0.0s)
[2026-10-05 17:21:02] [WARNING] BEHAVIOR ALERT: PHONE (0.1s)
[2026-10-05 17:21:02] [WARNING] BEHAVIOR ALERT: PHONE (0.0s)
[2026-10-05 17:21:02] [WARNING] BEHAVIOR ALERT: PHONE (0.1s)
[2026-10-05 17:21:03] [WARNING] BEHAVIOR ALERT: PHONE (0.2s)
[2026-10-05 17:21:03] [WARNING] BEHAVIOR ALERT: PHONE (0.3s)
[2026-10-05 17:21:04] [WARNING] BEHAVIOR ALERT: PHONE (0.0s)
[2026-10-05 17:21:04] [WARNING] BEHAVIOR ALERT: PHONE (0.1s)
[2026-10-05 17:21:30] [WARNING] WARNING: HIGHWAY HYPNOSIS (No blinks > 15s)
[2026-10-05 17:33:46] [WARNING] DROWSINESS ALERT (0.0s)
[2026-10-05 17:33:46] [WARNING] WARNING: HIGH STRESS / ANGER DETECTED
[2026-10-05 17:33:50] [WARNING] WARNING: HIGH STRESS / ANGER DETECTED
[2026-10-05 17:33:50] [WARNING] WARNING: HIGH STRESS / ANGER DETECTED
[2026-10-05 17:33:50] [WARNING] WARNING: HIGH STRESS / ANGER DETECTED
[2026-10-05 17:33:51] [WARNING] WARNING: HIGH STRESS / ANGER DETECTED
[2026-10-05 17:33:51] [WARNING] WARNING: HIGH STRESS / ANGER DETECTED
[2026-10-05 17:33:52] [WARNING] WARNING: HIGH STRESS / ANGER DETECTED
[2026-10-05 17:33:57] [WARNING] WARNING: HIGH STRESS / ANGER DETECTED
[2026-10-05 17:33:58] [WARNING] WARNING: HIGH STRESS / ANGER DETECTED
[2026-10-05 17:33:59] [WARNING] WARNING: HIGH STRESS / ANGER DETECTED
[2026-10-05 17:34:00] [WARNING] WARNING: HIGH STRESS / ANGER DETECTED
[2026-10-05 17:34:01] [WARNING] WARNING: HIGH STRESS / ANGER DETECTED
[2026-10-05 17:34:02] [WARNING] WARNING: HIGH STRESS / ANGER DETECTED
[2026-10-05 17:34:05] [WARNING] YAWNING ALERT (0.0s)
[2026-10-05 17:34:05] [WARNING] YAWNING ALERT (0.1s)
[2026-10-05 17:34:05] [WARNING] YAWNING ALERT (0.2s)
[2026-10-05 17:34:05] [WARNING] YAWNING ALERT (0.3s)
[2026-10-05 17:34:05] [WARNING] YAWNING ALERT (0.4s)
[2026-10-05 17:34:05] [WARNING] YAWNING ALERT (0.5s)
[2026-10-05 17:34:05] [WARNING] YAWNING ALERT (0.6s)
[2026-10-05 17:34:05] [WARNING] YAWNING ALERT (0.7s)
[2026-10-05 17:34:05] [WARNING] YAWNING ALERT (0.8s)
[2026-10-05 17:34:05] [WARNING] YAWNING ALERT (0.9s)
[2026-10-05 17:34:06] [WARNING] YAWNING ALERT (1.0s)
[2026-10-05 17:34:06] [WARNING] YAWNING ALERT (1.1s)
[2026-10-05 17:34:06] [WARNING] YAWNING ALERT (1.2s)
[2026-10-05 17:34:06] [WARNING] YAWNING ALERT (1.3s)
[2026-10-05 17:34:06] [WARNING] YAWNING ALERT (1.4s)
[2026-10-05 17:34:06] [WARNING] YAWNING ALERT (2.9s)
[2026-10-05 17:34:06] [WARNING] YAWNING ALERT (2.8s)
[2026-10-05 17:34:06] [WARNING] YAWNING ALERT (2.7s)
[2026-10-05 17:34:06] [WARNING] YAWNING ALERT (2.6s)
[2026-10-05 17:34:07] [WARNING] YAWNING ALERT (2.5s)
[2026-10-05 17:34:07] [WARNING] YAWNING ALERT (2.4s)
[2026-10-05 17:34:07] [WARNING] YAWNING ALERT (2.3s)
[2026-10-05 17:34:07] [WARNING] YAWNING ALERT (2.2s)
[2026-10-05 17:34:07] [WARNING] YAWNING ALERT (2.1s)
[2026-10-05 17:34:07] [WARNING] YAWNING ALERT (2.0s)
[2026-10-05 17:34:10] [WARNING] WARNING: HIGH STRESS / ANGER DETECTED
[2026-10-05 17:34:12] [WARNING] WARNING: HIGH STRESS / ANGER DETECTED
[2026-10-05 17:34:17] [WARNING] WARNING: HIGH STRESS / ANGER DETECTED
[2026-10-05 17:34:23] [WARNING] WARNING: HIGH STRESS / ANGER DETECTED
[2026-10-05 17:34:32] [WARNING] WARNING: HIGH STRESS / ANGER DETECTED
[2026-10-05 17:34:32] [WARNING] WARNING: HIGH STRESS / ANGER DETECTED
[2026-10-05 17:34:33] [WARNING] WARNING: HIGH STRESS / ANGER DETECTED
[2026-10-05 17:34:34] [WARNING] WARNING: HIGH STRESS / ANGER DETECTED
[2026-10-05 17:34:35] [WARNING] FACE COVERING ALERT (0.0s)
[2026-10-05 17:34:35] [WARNING] FACE COVERING ALERT (0.1s)
[2026-10-05 17:34:35] [WARNING] FACE COVERING ALERT (0.2s)
[2026-10-05 17:34:35] [WARNING] FACE COVERING ALERT (0.3s)
[2026-10-05 17:34:35] [WARNING] FACE COVERING ALERT (0.4s)
[2026-10-05 17:34:35] [WARNING] FACE COVERING ALERT (0.5s)
[2026-10-05 17:34:39] [WARNING] WARNING: HIGH STRESS / ANGER DETECTED
[2026-10-05 17:34:39] [WARNING] WARNING: HIGHWAY HYPNOSIS (No blinks > 15s)
[2026-10-05 17:34:39] [WARNING] WARNING: HIGH STRESS / ANGER DETECTED
[2026-10-05 17:34:44] [WARNING] WARNING: HIGH STRESS / ANGER DETECTED
[2026-10-05 17:34:44] [WARNING] WARNING: HIGH STRESS / ANGER DETECTED
[2026-10-05 17:34:46] [WARNING] WARNING: HIGH STRESS / ANGER DETECTED
[2026-10-05 17:34:52] [WARNING] WARNING: HIGH STRESS / ANGER DETECTED
[2026-10-05 17:34:54] [WARNING] WARNING: HIGH STRESS / ANGER DETECTED
[2026-10-05 17:34:54] [WARNING] WARNING: HIGH STRESS / ANGER DETECTED
[2026-10-05 17:35:01] [WARNING] WARNING: HIGH STRESS / ANGER DETECTED
[2026-10-05 17:35:01] [WARNING] WARNING: HIGH STRESS / ANGER DETECTED
[2026-10-05 17:35:02] [WARNING] WARNING: HIGH STRESS / ANGER DETECTED
[2026-10-05 17:35:02] [WARNING] WARNING: HIGHWAY HYPNOSIS (No blinks > 15s)
[2026-10-05 17:35:03] [WARNING] WARNING: HIGHWAY HYPNOSIS (No blinks > 15s)
[2026-10-05 17:35:03] [WARNING] WARNING: HIGH STRESS / ANGER DETECTED
[2026-10-05 17:35:05] [WARNING] WARNING: HIGHWAY HYPNOSIS (No blinks > 15s)
[2026-10-05 17:35:05] [WARNING] WARNING: HIGH STRESS / ANGER DETECTED
[2026-10-05 17:35:05] [WARNING] WARNING: HIGHWAY HYPNOSIS (No blinks > 15s)
[2026-10-05 17:35:05] [WARNING] WARNING: HIGH STRESS / ANGER DETECTED
[2026-10-05 17:35:06] [WARNING] WARNING: HIGHWAY HYPNOSIS (No blinks > 15s)
[2026-10-05 17:35:06] [WARNING] WARNING: HIGH STRESS / ANGER DETECTED
[2026-10-05 17:35:07] [WARNING] WARNING: HIGHWAY HYPNOSIS (No blinks > 15s)
[2026-10-05 17:35:07] [WARNING] WARNING: HIGH STRESS / ANGER DETECTED
[2026-10-05 17:35:08] [WARNING] WARNING: HIGHWAY HYPNOSIS (No blinks > 15s)
[2026-10-05 17:35:08] [WARNING] WARNING: HIGH STRESS / ANGER DETECTED
[2026-10-05 17:35:08] [WARNING] WARNING: HIGHWAY HYPNOSIS (No blinks > 15s)
[2026-10-05 17:35:08] [WARNING] WARNING: HIGH STRESS / ANGER DETECTED
[2026-10-05 17:35:09] [WARNING] WARNING: HIGH STRESS / ANGER DETECTED
[2026-10-05 17:35:10] [WARNING] WARNING: HIGH STRESS / ANGER DETECTED
[2026-10-05 17:35:11] [WARNING] WARNING: HIGH STRESS / ANGER DETECTED
[2026-10-05 17:35:18] [WARNING] WARNING: HIGH STRESS / ANGER DETECTED
[2026-10-05 17:35:19] [WARNING] WARNING: HIGH STRESS / ANGER DETECTED
[2026-10-05 17:35:23] [WARNING] GAZE DISTRACTION ALERT (2.0s)
[2026-10-05 17:35:23] [WARNING] GAZE DISTRACTION ALERT (2.1s)
[2026-10-05 17:35:23] [WARNING] GAZE DISTRACTION ALERT (2.2s)
[2026-10-05 17:35:23] [WARNING] GAZE DISTRACTION ALERT (2.3s)
[2026-10-05 17:35:24] [WARNING] DROWSINESS ALERT (0.6s)
[2026-10-05 17:35:24] [WARNING] CRITICAL ALERT: MICRO-SLEEP DETECTED
[2026-10-05 17:35:24] [CRITICAL] CRITICAL ALERT: MICRO-SLEEP DETECTED
[2026-10-05 17:35:24] [CRITICAL] Dispatching emergency SMS to 1 contact(s)...
[2026-10-05 17:35:24] [INFO] [SIMULATED SMS] To: Emergency Helpline (+18005550199) | Body:
[DMS CRITICAL ALERT] Driver requires immediate attention!
Event: CRITICAL ALERT: MICRO-SLEEP DETECTED
Timestamp: 2026-10-05 17:35:24
Please verify driver safety immediately.
[2026-10-05 17:35:25] [WARNING] DROWSINESS ALERT (0.7s)
[2026-10-05 17:35:25] [WARNING] DROWSINESS ALERT (0.8s)
[2026-10-05 17:35:25] [WARNING] DROWSINESS ALERT (0.9s)
[2026-10-05 17:35:25] [WARNING] DROWSINESS ALERT (1.0s)
[2026-10-05 17:35:25] [WARNING] DROWSINESS ALERT (1.1s)
[2026-10-05 17:35:25] [WARNING] DROWSINESS ALERT (1.2s)
[2026-10-05 17:35:25] [WARNING] DROWSINESS ALERT (1.3s)
[2026-10-05 17:35:25] [WARNING] DROWSINESS ALERT (1.4s)
[2026-10-05 17:35:25] [WARNING] DROWSINESS ALERT (1.5s)
[2026-10-05 17:35:25] [WARNING] DROWSINESS ALERT (1.6s)
[2026-10-05 17:35:26] [WARNING] DROWSINESS ALERT (1.7s)
[2026-10-05 17:35:26] [WARNING] DROWSINESS ALERT (1.8s)
[2026-10-05 17:35:26] [WARNING] DROWSINESS ALERT (1.9s)
[2026-10-05 17:35:31] [WARNING] WARNING: HIGH STRESS / ANGER DETECTED
[2026-10-05 17:35:37] [WARNING] WARNING: HIGH STRESS / ANGER DETECTED
[2026-10-05 17:35:40] [WARNING] GAZE DISTRACTION ALERT (2.1s)
[2026-10-05 17:35:40] [WARNING] GAZE DISTRACTION ALERT (2.2s)
[2026-10-05 17:35:44] [WARNING] WARNING: HIGHWAY HYPNOSIS (No blinks > 15s)
[2026-10-05 17:36:10] [WARNING] WARNING: HIGH STRESS / ANGER DETECTED
[2026-10-05 17:36:55] [WARNING] YAWNING ALERT (0.0s)
[2026-10-05 17:36:55] [WARNING] YAWNING ALERT (0.1s)
[2026-10-05 17:36:55] [WARNING] YAWNING ALERT (0.2s)
[2026-10-05 17:36:55] [WARNING] YAWNING ALERT (0.3s)
[2026-10-05 17:36:55] [WARNING] YAWNING ALERT (0.4s)
[2026-10-05 17:36:55] [WARNING] YAWNING ALERT (0.6s)
[2026-10-05 17:36:55] [WARNING] YAWNING ALERT (0.7s)
[2026-10-05 17:36:56] [WARNING] YAWNING ALERT (0.8s)
[2026-10-05 17:36:56] [WARNING] YAWNING ALERT (0.9s)
[2026-10-05 17:36:56] [WARNING] YAWNING ALERT (1.0s)
[2026-10-05 17:36:56] [WARNING] YAWNING ALERT (1.1s)
[2026-10-05 17:36:56] [WARNING] YAWNING ALERT (1.2s)
[2026-10-05 17:36:56] [WARNING] YAWNING ALERT (1.3s)
[2026-10-05 17:36:56] [WARNING] YAWNING ALERT (2.9s)
[2026-10-05 17:36:56] [WARNING] YAWNING ALERT (2.8s)
[2026-10-05 17:36:56] [WARNING] YAWNING ALERT (2.7s)
[2026-10-05 17:36:57] [WARNING] YAWNING ALERT (2.6s)
[2026-10-05 17:36:57] [WARNING] YAWNING ALERT (2.5s)
[2026-10-05 17:36:57] [WARNING] YAWNING ALERT (2.4s)
[2026-10-05 17:36:57] [WARNING] YAWNING ALERT (2.3s)
[2026-10-05 17:36:57] [WARNING] YAWNING ALERT (2.1s)
[2026-10-05 17:36:57] [WARNING] YAWNING ALERT (2.0s)
[2026-10-05 17:36:57] [WARNING] YAWNING ALERT (1.9s)
[2026-10-05 17:36:57] [WARNING] YAWNING ALERT (1.8s)
[2026-10-05 17:36:57] [WARNING] YAWNING ALERT (1.7s)
[2026-10-05 17:36:57] [WARNING] YAWNING ALERT (1.6s)
[2026-10-05 17:36:58] [WARNING] YAWNING ALERT (1.5s)
[2026-10-05 17:36:58] [WARNING] YAWNING ALERT (1.4s)
[2026-10-05 17:36:58] [WARNING] YAWNING ALERT (1.3s)
[2026-10-05 17:36:58] [WARNING] YAWNING ALERT (1.2s)
[2026-10-05 17:36:58] [WARNING] YAWNING ALERT (1.1s)
[2026-10-05 17:36:58] [WARNING] YAWNING ALERT (1.0s)
[2026-10-05 17:36:58] [WARNING] YAWNING ALERT (0.9s)
[2026-10-05 17:36:58] [WARNING] YAWNING ALERT (0.7s)
[2026-10-05 17:36:58] [WARNING] YAWNING ALERT (0.6s)
[2026-10-05 17:36:59] [WARNING] YAWNING ALERT (0.5s)
[2026-10-05 17:36:59] [WARNING] YAWNING ALERT (0.4s)
[2026-10-05 17:36:59] [WARNING] YAWNING ALERT (0.3s)
[2026-10-05 17:36:59] [WARNING] YAWNING ALERT (0.2s)
[2026-10-05 17:36:59] [WARNING] YAWNING ALERT (0.1s)
[2026-10-05 17:37:32] [WARNING] WARNING: HIGH STRESS / ANGER DETECTED
[2026-10-05 17:37:32] [WARNING] WARNING: HIGH STRESS / ANGER DETECTED
[2026-10-05 17:37:32] [WARNING] WARNING: HIGH STRESS / ANGER DETECTED
[2026-10-05 17:37:33] [WARNING] WARNING: HIGH STRESS / ANGER DETECTED
[2026-10-05 17:37:34] [WARNING] WARNING: HIGH STRESS / ANGER DETECTED
[2026-10-05 17:37:50] [WARNING] YAWNING ALERT (0.0s)
[2026-10-05 17:37:50] [WARNING] YAWNING ALERT (0.1s)
[2026-10-05 17:37:50] [WARNING] YAWNING ALERT (0.2s)
[2026-10-05 17:37:50] [WARNING] YAWNING ALERT (2.9s)
[2026-10-05 17:37:50] [WARNING] YAWNING ALERT (2.8s)
[2026-10-05 17:37:51] [WARNING] YAWNING ALERT (2.7s)
[2026-10-05 17:37:51] [WARNING] YAWNING ALERT (2.6s)
[2026-10-05 17:37:51] [WARNING] YAWNING ALERT (2.5s)
[2026-10-05 17:37:51] [WARNING] YAWNING ALERT (2.4s)
[2026-10-05 17:37:51] [WARNING] YAWNING ALERT (2.3s)
[2026-10-05 17:37:51] [WARNING] YAWNING ALERT (2.2s)
[2026-10-05 17:37:51] [WARNING] YAWNING ALERT (2.1s)
[2026-10-05 17:37:51] [WARNING] YAWNING ALERT (2.0s)
[2026-10-05 17:37:51] [WARNING] YAWNING ALERT (1.9s)
[2026-10-05 17:37:51] [WARNING] YAWNING ALERT (1.8s)
[2026-10-05 17:37:52] [WARNING] YAWNING ALERT (1.7s)
[2026-10-05 17:37:52] [WARNING] YAWNING ALERT (1.6s)
[2026-10-05 17:37:52] [WARNING] YAWNING ALERT (1.5s)
[2026-10-05 17:37:52] [WARNING] YAWNING ALERT (1.3s)
[2026-10-05 17:37:52] [WARNING] WARNING: HIGH STRESS / ANGER DETECTED
[2026-10-05 17:37:52] [WARNING] YAWNING ALERT (1.2s)
[2026-10-05 17:37:52] [WARNING] YAWNING ALERT (1.0s)
[2026-10-05 17:37:52] [WARNING] WARNING: HIGH STRESS / ANGER DETECTED
[2026-10-05 17:37:56] [WARNING] WARNING: HIGH STRESS / ANGER DETECTED
[2026-10-05 17:37:57] [WARNING] DROWSINESS ALERT (0.6s)
[2026-10-05 17:37:57] [WARNING] CRITICAL ALERT: MICRO-SLEEP DETECTED
[2026-10-05 17:37:57] [CRITICAL] CRITICAL ALERT: MICRO-SLEEP DETECTED
[2026-10-05 17:37:57] [CRITICAL] Dispatching emergency SMS to 1 contact(s)...
[2026-10-05 17:37:57] [INFO] [SIMULATED SMS] To: Emergency Helpline (+18005550199) | Body:
[DMS CRITICAL ALERT] Driver requires immediate attention!
Event: CRITICAL ALERT: MICRO-SLEEP DETECTED
Timestamp: 2026-10-05 17:37:57
Please verify driver safety immediately.
[2026-10-05 17:37:58] [WARNING] DROWSINESS ALERT (0.7s)
[2026-10-05 17:37:58] [WARNING] DROWSINESS ALERT (0.8s)
[2026-10-05 17:37:58] [WARNING] DROWSINESS ALERT (0.9s)
[2026-10-05 17:37:58] [WARNING] DROWSINESS ALERT (1.0s)
[2026-10-05 17:37:58] [WARNING] FACE COVERING ALERT (0.0s)
[2026-10-05 17:37:58] [WARNING] DROWSINESS ALERT (1.1s)
[2026-10-05 17:37:58] [WARNING] FACE COVERING ALERT (0.1s)
[2026-10-05 17:37:58] [WARNING] DROWSINESS ALERT (1.2s)
[2026-10-05 17:37:58] [WARNING] FACE COVERING ALERT (0.2s)
[2026-10-05 17:37:58] [WARNING] DROWSINESS ALERT (1.3s)
[2026-10-05 17:37:58] [WARNING] FACE COVERING ALERT (0.3s)
[2026-10-05 17:37:58] [WARNING] DROWSINESS ALERT (1.4s)
[2026-10-05 17:37:58] [WARNING] FACE COVERING ALERT (0.4s)
[2026-10-05 17:37:58] [WARNING] DROWSINESS ALERT (1.5s)
[2026-10-05 17:37:58] [WARNING] FACE COVERING ALERT (0.5s)
[2026-10-05 17:37:58] [WARNING] DROWSINESS ALERT (1.6s)
[2026-10-05 17:37:58] [WARNING] FACE COVERING ALERT (0.6s)
[2026-10-05 17:37:59] [WARNING] DROWSINESS ALERT (1.7s)
[2026-10-05 17:37:59] [WARNING] FACE COVERING ALERT (0.7s)
[2026-10-05 17:37:59] [WARNING] DROWSINESS ALERT (1.8s)
[2026-10-05 17:37:59] [WARNING] FACE COVERING ALERT (0.8s)
[2026-10-05 17:38:03] [WARNING] WARNING: HIGH STRESS / ANGER DETECTED
[2026-10-05 17:38:08] [WARNING] WARNING: HIGH STRESS / ANGER DETECTED
[2026-10-05 17:38:08] [WARNING] WARNING: HIGH STRESS / ANGER DETECTED
[2026-10-05 17:38:11] [WARNING] WARNING: HIGH STRESS / ANGER DETECTED
[2026-10-05 17:42:15] [WARNING] WARNING: HIGH STRESS / ANGER DETECTED
[2026-10-05 17:42:48] [WARNING] WARNING: HIGHWAY HYPNOSIS (No blinks > 15s)
[2026-10-05 17:42:48] [WARNING] WARNING: HIGH STRESS / ANGER DETECTED
[2026-10-05 17:43:13] [WARNING] WARNING: HIGHWAY HYPNOSIS (No blinks > 15s)
[2026-10-05 17:43:13] [WARNING] WARNING: HIGH STRESS / ANGER DETECTED
[2026-10-05 17:43:13] [WARNING] DROWSINESS ALERT (0.3s)
[2026-10-05 17:43:13] [WARNING] DROWSINESS ALERT (0.4s)
[2026-10-05 17:43:14] [WARNING] DROWSINESS ALERT (0.5s)
[2026-10-05 17:43:14] [WARNING] CRITICAL ALERT: MICRO-SLEEP DETECTED
[2026-10-05 17:43:14] [CRITICAL] CRITICAL ALERT: MICRO-SLEEP DETECTED
[2026-10-05 17:43:14] [CRITICAL] Dispatching emergency SMS to 1 contact(s)...
[2026-10-05 17:43:14] [INFO] [SIMULATED SMS] To: Emergency Helpline (+18005550199) | Body:
[DMS CRITICAL ALERT] Driver requires immediate attention!
Event: CRITICAL ALERT: MICRO-SLEEP DETECTED
Timestamp: 2026-10-05 17:43:14
Please verify driver safety immediately.
[2026-10-05 17:43:14] [WARNING] DROWSINESS ALERT (0.6s)
[2026-10-05 17:43:14] [WARNING] DROWSINESS ALERT (0.0s)
[2026-10-05 17:43:14] [WARNING] DROWSINESS ALERT (0.1s)
[2026-10-05 17:43:14] [WARNING] DROWSINESS ALERT (0.0s)
[2026-10-05 17:43:17] [WARNING] DROWSINESS ALERT (0.1s)
[2026-10-05 17:43:17] [WARNING] DROWSINESS ALERT (0.0s)
[2026-10-05 17:43:17] [WARNING] DROWSINESS ALERT (0.1s)
[2026-10-05 17:43:18] [WARNING] DROWSINESS ALERT (0.2s)
[2026-10-05 17:43:18] [WARNING] DROWSINESS ALERT (0.3s)
[2026-10-05 17:43:18] [WARNING] DROWSINESS ALERT (0.4s)
[2026-10-05 17:43:18] [WARNING] DROWSINESS ALERT (0.0s)
[2026-10-05 17:43:18] [WARNING] DROWSINESS ALERT (0.0s)
[2026-10-05 17:43:18] [WARNING] WARNING: HIGH STRESS / ANGER DETECTED
[2026-10-05 17:43:21] [WARNING] DROWSINESS ALERT (0.1s)
[2026-10-05 17:43:21] [WARNING] DROWSINESS ALERT (0.0s)
[2026-10-05 17:43:24] [WARNING] DROWSINESS ALERT (0.0s)
[2026-10-05 17:43:24] [WARNING] WARNING: HIGH STRESS / ANGER DETECTED
[2026-10-05 17:43:25] [WARNING] DROWSINESS ALERT (0.1s)
[2026-10-05 17:43:25] [WARNING] DROWSINESS ALERT (0.2s)
[2026-10-05 17:43:25] [WARNING] DROWSINESS ALERT (0.0s)
[2026-10-05 17:43:35] [WARNING] DROWSINESS ALERT (0.0s)
[2026-10-05 17:43:35] [WARNING] WARNING: HIGH STRESS / ANGER DETECTED
[2026-10-05 17:43:36] [WARNING] DROWSINESS ALERT (0.0s)
[2026-10-05 17:43:36] [WARNING] WARNING: HIGH STRESS / ANGER DETECTED
[2026-10-05 17:43:38] [WARNING] DROWSINESS ALERT (0.0s)
[2026-10-05 17:43:38] [WARNING] WARNING: HIGH STRESS / ANGER DETECTED
[2026-10-05 17:43:39] [WARNING] DROWSINESS ALERT (0.0s)
[2026-10-05 17:43:39] [WARNING] WARNING: HIGH STRESS / ANGER DETECTED
[2026-10-05 17:43:40] [WARNING] WARNING: HIGHWAY HYPNOSIS (No blinks > 15s)
[2026-10-05 17:43:41] [WARNING] DROWSINESS ALERT (0.1s)
[2026-10-05 17:43:42] [WARNING] DROWSINESS ALERT (0.0s)
[2026-10-05 17:43:42] [WARNING] WARNING: HIGH STRESS / ANGER DETECTED
[2026-10-05 17:43:43] [WARNING] DROWSINESS ALERT (0.0s)
[2026-10-05 17:43:43] [WARNING] WARNING: HIGH STRESS / ANGER DETECTED
[2026-10-05 17:43:44] [WARNING] DROWSINESS ALERT (0.0s)
[2026-10-05 17:43:44] [WARNING] WARNING: HIGH STRESS / ANGER DETECTED
[2026-10-05 17:43:44] [WARNING] DROWSINESS ALERT (0.0s)
[2026-10-05 17:43:44] [WARNING] WARNING: HIGH STRESS / ANGER DETECTED
[2026-10-05 17:43:46] [WARNING] DROWSINESS ALERT (0.0s)
[2026-10-05 17:43:46] [WARNING] WARNING: HIGH STRESS / ANGER DETECTED
[2026-10-05 17:43:48] [WARNING] DROWSINESS ALERT (0.1s)
[2026-10-05 17:43:49] [WARNING] DROWSINESS ALERT (0.0s)
[2026-10-05 17:43:59] [WARNING] WARNING: HIGH STRESS / ANGER DETECTED
[2026-10-05 17:43:59] [WARNING] WARNING: HIGH STRESS / ANGER DETECTED
[2026-10-05 17:44:11] [WARNING] WARNING: HIGH STRESS / ANGER DETECTED
[2026-10-05 17:44:12] [WARNING] WARNING: HIGHWAY HYPNOSIS (No blinks > 15s)
[2026-10-05 17:44:12] [WARNING] WARNING: HIGH STRESS / ANGER DETECTED
[2026-10-05 17:44:56] [WARNING] WARNING: HIGHWAY HYPNOSIS (No blinks > 15s)
[2026-10-05 17:44:56] [WARNING] WARNING: HIGH STRESS / ANGER DETECTED
[2026-10-05 17:44:56] [WARNING] WARNING: HIGHWAY HYPNOSIS (No blinks > 15s)
[2026-10-05 17:44:56] [WARNING] WARNING: HIGH STRESS / ANGER DETECTED
[2026-10-05 17:44:57] [WARNING] WARNING: HIGHWAY HYPNOSIS (No blinks > 15s)
[2026-10-05 17:44:57] [WARNING] WARNING: HIGH STRESS / ANGER DETECTED
[2026-10-05 17:45:26] [WARNING] WARNING: HIGHWAY HYPNOSIS (No blinks > 15s)
[2026-10-05 17:45:26] [WARNING] WARNING: HIGH STRESS / ANGER DETECTED
[2026-10-05 17:45:30] [WARNING] WARNING: HIGHWAY HYPNOSIS (No blinks > 15s)
[2026-10-05 17:45:30] [WARNING] WARNING: HIGH STRESS / ANGER DETECTED
[2026-10-05 17:45:38] [WARNING] WARNING: HIGHWAY HYPNOSIS (No blinks > 15s)
[2026-10-05 17:45:38] [WARNING] WARNING: HIGH STRESS / ANGER DETECTED
[2026-10-05 17:45:39] [WARNING] WARNING: HIGHWAY HYPNOSIS (No blinks > 15s)
[2026-10-05 17:45:39] [WARNING] WARNING: HIGH STRESS / ANGER DETECTED
[2026-10-05 17:45:39] [WARNING] WARNING: HIGHWAY HYPNOSIS (No blinks > 15s)
[2026-10-05 17:45:39] [WARNING] WARNING: HIGH STRESS / ANGER DETECTED
[2026-10-05 17:45:41] [WARNING] WARNING: HIGHWAY HYPNOSIS (No blinks > 15s)
[2026-10-05 17:45:41] [WARNING] WARNING: HIGH STRESS / ANGER DETECTED
[2026-10-05 17:45:41] [WARNING] WARNING: HIGHWAY HYPNOSIS (No blinks > 15s)
[2026-10-05 17:45:41] [WARNING] WARNING: HIGH STRESS / ANGER DETECTED
[2026-10-05 17:45:41] [WARNING] WARNING: HIGHWAY HYPNOSIS (No blinks > 15s)
[2026-10-05 17:45:41] [WARNING] WARNING: HIGH STRESS / ANGER DETECTED
[2026-10-05 17:45:42] [WARNING] WARNING: HIGHWAY HYPNOSIS (No blinks > 15s)
[2026-10-05 17:45:42] [WARNING] WARNING: HIGH STRESS / ANGER DETECTED
[2026-10-05 17:45:45] [WARNING] WARNING: HIGHWAY HYPNOSIS (No blinks > 15s)
[2026-10-05 17:45:45] [WARNING] WARNING: HIGH STRESS / ANGER DETECTED
[2026-10-05 17:45:46] [WARNING] WARNING: HIGH STRESS / ANGER DETECTED
[2026-10-05 17:45:50] [WARNING] WARNING: HIGH STRESS / ANGER DETECTED
[2026-10-05 17:45:57] [WARNING] WARNING: HIGH STRESS / ANGER DETECTED
[2026-10-05 17:46:16] [WARNING] DROWSINESS ALERT (0.5s)
[2026-10-05 17:46:16] [WARNING] CRITICAL ALERT: MICRO-SLEEP DETECTED
[2026-10-05 17:46:16] [CRITICAL] CRITICAL ALERT: MICRO-SLEEP DETECTED
[2026-10-05 17:46:16] [CRITICAL] Dispatching emergency SMS to 1 contact(s)...
[2026-10-05 17:46:16] [INFO] [SIMULATED SMS] To: Emergency Helpline (+18005550199) | Body:
[DMS CRITICAL ALERT] Driver requires immediate attention!
Event: CRITICAL ALERT: MICRO-SLEEP DETECTED
Timestamp: 2026-10-05 17:46:16
Please verify driver safety immediately.
[2026-10-05 17:46:16] [WARNING] DROWSINESS ALERT (0.6s)
[2026-10-05 17:46:16] [WARNING] DROWSINESS ALERT (0.7s)
[2026-10-05 17:46:16] [WARNING] DROWSINESS ALERT (0.8s)
[2026-10-05 17:46:16] [WARNING] DROWSINESS ALERT (0.9s)
[2026-10-05 17:46:17] [WARNING] DROWSINESS ALERT (1.0s)
[2026-10-05 17:46:17] [WARNING] DROWSINESS ALERT (1.1s)
[2026-10-05 17:46:17] [WARNING] DROWSINESS ALERT (1.2s)
[2026-10-05 17:46:17] [WARNING] DROWSINESS ALERT (1.3s)
[2026-10-05 17:46:17] [WARNING] DROWSINESS ALERT (1.4s)
[2026-10-05 17:46:17] [WARNING] DROWSINESS ALERT (1.5s)
[2026-10-05 17:46:17] [WARNING] DROWSINESS ALERT (1.6s)
[2026-10-05 17:46:17] [WARNING] DROWSINESS ALERT (1.7s)
[2026-10-05 17:46:52] [WARNING] WARNING: HIGH STRESS / ANGER DETECTED
[2026-10-05 17:47:11] [WARNING] WARNING: HIGHWAY HYPNOSIS (No blinks > 15s)
[2026-10-05 17:47:13] [WARNING] WARNING: HIGH STRESS / ANGER DETECTED
[2026-10-05 17:47:14] [WARNING] WARNING: HIGH STRESS / ANGER DETECTED
[2026-10-05 17:47:15] [WARNING] WARNING: HIGH STRESS / ANGER DETECTED
[2026-10-05 17:47:15] [WARNING] WARNING: HIGH STRESS / ANGER DETECTED
[2026-10-05 17:47:16] [WARNING] WARNING: HIGH STRESS / ANGER DETECTED
[2026-10-05 17:47:16] [WARNING] WARNING: HIGH STRESS / ANGER DETECTED
[2026-10-05 17:47:17] [WARNING] WARNING: HIGH STRESS / ANGER DETECTED
[2026-10-05 17:47:17] [WARNING] WARNING: HIGH STRESS / ANGER DETECTED
[2026-10-05 17:47:20] [WARNING] WARNING: HIGH STRESS / ANGER DETECTED
[2026-10-05 17:47:21] [WARNING] WARNING: HIGH STRESS / ANGER DETECTED
[2026-10-05 17:47:21] [WARNING] WARNING: HIGH STRESS / ANGER DETECTED
[2026-10-05 17:47:21] [WARNING] WARNING: HIGH STRESS / ANGER DETECTED
[2026-10-05 17:47:25] [WARNING] WARNING: HIGH STRESS / ANGER DETECTED
[2026-10-05 17:47:28] [WARNING] WARNING: HIGHWAY HYPNOSIS (No blinks > 15s)
